condition,seed,regime,bandwidth_multiplier,candidate_radius,candidate_count,method,proposed_shift,probe_order,candidate_probe_count,proposed_safe_intensity,uniform_safe_intensity,joint_compute_shift,joint_compute_safe_intensity,oracle_safe_intensity,oracle_shifts,oracle_ratio,oracle_gap_pct,gain_over_uniform_pct,matches_oracle_shift,near_oracle,not_worse_than_uniform,not_worse_than_joint_compute,method_evaluator_calls,exhaustive_evaluator_calls,evaluator_call_reduction_pct,method_runtime_s,exhaustive_runtime_s
bandwidth_0.5x,0,decode_constrained,0.5,4,9,coarse_top1,0,"-4,-2,0,2,4,-1,1",7,0.015625,0.015625,-2,0.015625,0.015625,"-4,-3,-2,-1,0",1.0,0.0,0.0,True,True,True,True,56,72,22.222222,0.660978,0.843951
bandwidth_0.5x,0,decode_constrained,0.5,4,9,coarse_top2,0,"-4,-2,0,2,4,-1,1,-3",8,0.015625,0.015625,-2,0.015625,0.015625,"-4,-3,-2,-1,0",1.0,0.0,0.0,True,True,True,True,64,72,11.111111,0.768134,0.843951
bandwidth_0.5x,0,decode_constrained,0.5,4,9,coarse_top3,0,"-4,-2,0,2,4,-1,1,-3",8,0.015625,0.015625,-2,0.015625,0.015625,"-4,-3,-2,-1,0",1.0,0.0,0.0,True,True,True,True,64,72,11.111111,0.768134,0.843951
bandwidth_0.5x,0,prefill_constrained,0.5,4,9,coarse_top1,3,"-4,-2,0,2,4,3",6,0.277344,0.183594,-2,0.132812,0.277344,3,1.0,0.0,51.06376,True,True,True,True,48,72,33.333333,5.204987,7.531482
bandwidth_0.5x,0,prefill_constrained,0.5,4,9,coarse_top2,3,"-4,-2,0,2,4,3,1",7,0.277344,0.183594,-2,0.132812,0.277344,3,1.0,0.0,51.06376,True,True,True,True,56,72,22.222222,6.03873,7.531482
bandwidth_0.5x,0,prefill_constrained,0.5,4,9,coarse_top3,3,"-4,-2,0,2,4,3,1,-1",8,0.277344,0.183594,-2,0.132812,0.277344,3,1.0,0.0,51.06376,True,True,True,True,64,72,11.111111,6.813755,7.531482
bandwidth_0.5x,1,decode_constrained,0.5,4,9,coarse_top1,-1,"-4,-2,0,2,4,-3,-1",7,0.015625,0.011719,-2,0.015625,0.015625,"-4,-3,-2,-1",1.0,0.0,33.330489,True,True,True,True,56,72,22.222222,0.76964,0.928947
bandwidth_0.5x,1,decode_constrained,0.5,4,9,coarse_top2,-1,"-4,-2,0,2,4,-3,-1",7,0.015625,0.011719,-2,0.015625,0.015625,"-4,-3,-2,-1",1.0,0.0,33.330489,True,True,True,True,56,72,22.222222,0.76964,0.928947
bandwidth_0.5x,1,decode_constrained,0.5,4,9,coarse_top3,-1,"-4,-2,0,2,4,-3,-1,1",8,0.015625,0.011719,-2,0.015625,0.015625,"-4,-3,-2,-1",1.0,0.0,33.330489,True,True,True,True,64,72,11.111111,0.851027,0.928947
bandwidth_0.5x,1,prefill_constrained,0.5,4,9,coarse_top1,3,"-4,-2,0,2,4,3",6,0.328125,0.304688,-2,0.296875,0.328125,3,1.0,0.0,7.692131,True,True,True,True,48,72,33.333333,5.517467,8.237589
bandwidth_0.5x,1,prefill_constrained,0.5,4,9,coarse_top2,3,"-4,-2,0,2,4,3,-1,1",8,0.328125,0.304688,-2,0.296875,0.328125,3,1.0,0.0,7.692131,True,True,True,True,64,72,11.111111,7.323302,8.237589
bandwidth_0.5x,1,prefill_constrained,0.5,4,9,coarse_top3,3,"-4,-2,0,2,4,3,-1,1,-3",9,0.328125,0.304688,-2,0.296875,0.328125,3,1.0,0.0,7.692131,True,True,True,True,72,72,0.0,8.237589,8.237589
bandwidth_0.5x,2,decode_constrained,0.5,4,9,coarse_top1,-3,"-4,-2,0,2,4,-3",6,0.019531,0.015625,-2,0.015625,0.019531,"-4,-3",1.0,0.0,24.9984,True,True,True,True,48,72,33.333333,0.70102,0.984715
bandwidth_0.5x,2,decode_constrained,0.5,4,9,coarse_top2,-3,"-4,-2,0,2,4,-3,-1,1",8,0.019531,0.015625,-2,0.015625,0.019531,"-4,-3",1.0,0.0,24.9984,True,True,True,True,64,72,11.111111,0.90648,0.984715
bandwidth_0.5x,2,decode_constrained,0.5,4,9,coarse_top3,-3,"-4,-2,0,2,4,-3,-1,1",8,0.019531,0.015625,-2,0.015625,0.019531,"-4,-3",1.0,0.0,24.9984,True,True,True,True,64,72,11.111111,0.90648,0.984715
bandwidth_0.5x,2,prefill_constrained,0.5,4,9,coarse_top1,4,"-4,-2,0,2,4,3",6,0.148438,0.117188,-2,0.078125,0.148438,4,1.0,0.0,26.666553,True,True,True,True,48,72,33.333333,2.450943,3.586284
bandwidth_0.5x,2,prefill_constrained,0.5,4,9,coarse_top2,4,"-4,-2,0,2,4,3,-1,1",8,0.148438,0.117188,-2,0.078125,0.148438,4,1.0,0.0,26.666553,True,True,True,True,64,72,11.111111,3.277891,3.586284
bandwidth_0.5x,2,prefill_constrained,0.5,4,9,coarse_top3,4,"-4,-2,0,2,4,3,-1,1",8,0.148438,0.117188,-2,0.078125,0.148438,4,1.0,0.0,26.666553,True,True,True,True,64,72,11.111111,3.277891,3.586284
bandwidth_0.5x,3,decode_constrained,0.5,4,9,coarse_top1,0,"-4,-2,0,2,4,-1,1",7,0.019531,0.019531,-2,0.019531,0.019531,"-4,-3,-2,-1,0",1.0,0.0,0.0,True,True,True,True,56,72,22.222222,0.931307,1.191487
bandwidth_0.5x,3,decode_constrained,0.5,4,9,coarse_top2,0,"-4,-2,0,2,4,-1,1,-3",8,0.019531,0.019531,-2,0.019531,0.019531,"-4,-3,-2,-1,0",1.0,0.0,0.0,True,True,True,True,64,72,11.111111,1.085643,1.191487
bandwidth_0.5x,3,decode_constrained,0.5,4,9,coarse_top3,0,"-4,-2,0,2,4,-1,1,-3",8,0.019531,0.019531,-2,0.019531,0.019531,"-4,-3,-2,-1,0",1.0,0.0,0.0,True,True,True,True,64,72,11.111111,1.085643,1.191487
bandwidth_0.5x,3,prefill_constrained,0.5,4,9,coarse_top1,0,"-4,-2,0,2,4,-1,1",7,0.253906,0.253906,-2,0.207031,0.253906,0,1.0,0.0,0.0,True,True,True,True,56,72,22.222222,8.305361,10.499966
bandwidth_0.5x,3,prefill_constrained,0.5,4,9,coarse_top2,0,"-4,-2,0,2,4,-1,1,3",8,0.253906,0.253906,-2,0.207031,0.253906,0,1.0,0.0,0.0,True,True,True,True,64,72,11.111111,9.405848,10.499966
bandwidth_0.5x,3,prefill_constrained,0.5,4,9,coarse_top3,0,"-4,-2,0,2,4,-1,1,3",8,0.253906,0.253906,-2,0.207031,0.253906,0,1.0,0.0,0.0,True,True,True,True,64,72,11.111111,9.405848,10.499966
bandwidth_0.5x,7,decode_constrained,0.5,4,9,coarse_top1,0,"-4,-2,0,2,4,-1,1",7,0.015625,0.015625,-2,0.015625,0.015625,"-4,-3,-2,-1,0",1.0,0.0,0.0,True,True,True,True,56,72,22.222222,0.661453,0.839418
bandwidth_0.5x,7,decode_constrained,0.5,4,9,coarse_top2,0,"-4,-2,0,2,4,-1,1,-3",8,0.015625,0.015625,-2,0.015625,0.015625,"-4,-3,-2,-1,0",1.0,0.0,0.0,True,True,True,True,64,72,11.111111,0.769295,0.839418
bandwidth_0.5x,7,decode_constrained,0.5,4,9,coarse_top3,0,"-4,-2,0,2,4,-1,1,-3",8,0.015625,0.015625,-2,0.015625,0.015625,"-4,-3,-2,-1,0",1.0,0.0,0.0,True,True,True,True,64,72,11.111111,0.769295,0.839418
bandwidth_0.5x,7,prefill_constrained,0.5,4,9,coarse_top1,4,"-4,-2,0,2,4,3",6,0.230469,0.171875,-2,0.175781,0.230469,4,1.0,0.0,34.091055,True,True,True,True,48,72,33.333333,4.233522,6.372376
bandwidth_0.5x,7,prefill_constrained,0.5,4,9,coarse_top2,4,"-4,-2,0,2,4,3,1",7,0.230469,0.171875,-2,0.175781,0.230469,4,1.0,0.0,34.091055,True,True,True,True,56,72,22.222222,5.007145,6.372376
bandwidth_0.5x,7,prefill_constrained,0.5,4,9,coarse_top3,4,"-4,-2,0,2,4,3,1,-3,-1",9,0.230469,0.171875,-2,0.175781,0.230469,4,1.0,0.0,34.091055,True,True,True,True,72,72,0.0,6.372376,6.372376
bandwidth_0.5x,19,decode_constrained,0.5,4,9,coarse_top1,-1,"-4,-2,0,2,4,-3,-1",7,0.015625,0.011719,-2,0.015625,0.015625,"-4,-3,-2,-1",1.0,0.0,33.330489,True,True,True,True,56,72,22.222222,0.75747,0.921155
bandwidth_0.5x,19,decode_constrained,0.5,4,9,coarse_top2,-1,"-4,-2,0,2,4,-3,-1",7,0.015625,0.011719,-2,0.015625,0.015625,"-4,-3,-2,-1",1.0,0.0,33.330489,True,True,True,True,56,72,22.222222,0.75747,0.921155
bandwidth_0.5x,19,decode_constrained,0.5,4,9,coarse_top3,-1,"-4,-2,0,2,4,-3,-1,1",8,0.015625,0.011719,-2,0.015625,0.015625,"-4,-3,-2,-1",1.0,0.0,33.330489,True,True,True,True,64,72,11.111111,0.843373,0.921155
bandwidth_0.5x,19,prefill_constrained,0.5,4,9,coarse_top1,-2,"-4,-2,0,2,4,-3,-1",7,0.238281,0.226562,-2,0.238281,0.238281,"-2,1",1.0,0.0,5.172536,True,True,True,True,56,72,22.222222,5.071576,6.525504
bandwidth_0.5x,19,prefill_constrained,0.5,4,9,coarse_top2,1,"-4,-2,0,2,4,-3,-1,1,3",9,0.238281,0.226562,-2,0.238281,0.238281,"-2,1",1.0,0.0,5.172536,True,True,True,True,72,72,0.0,6.525504,6.525504
bandwidth_0.5x,19,prefill_constrained,0.5,4,9,coarse_top3,1,"-4,-2,0,2,4,-3,-1,1,3",9,0.238281,0.226562,-2,0.238281,0.238281,"-2,1",1.0,0.0,5.172536,True,True,True,True,72,72,0.0,6.525504,6.525504
bandwidth_1x,0,decode_constrained,1.0,4,9,coarse_top1,-4,"-4,-2,0,2,4,-3",6,0.035156,0.023438,-2,0.027344,0.035156,-4,1.0,0.0,49.995733,True,True,True,True,48,72,33.333333,0.896738,1.32701
bandwidth_1x,0,decode_constrained,1.0,4,9,coarse_top2,-4,"-4,-2,0,2,4,-3,-1",7,0.035156,0.023438,-2,0.027344,0.035156,-4,1.0,0.0,49.995733,True,True,True,True,56,72,22.222222,1.058385,1.32701
bandwidth_1x,0,decode_constrained,1.0,4,9,coarse_top3,-4,"-4,-2,0,2,4,-3,-1,1",8,0.035156,0.023438,-2,0.027344,0.035156,-4,1.0,0.0,49.995733,True,True,True,True,64,72,11.111111,1.19368,1.32701
bandwidth_1x,0,prefill_constrained,1.0,4,9,coarse_top1,-2,"-4,-2,0,2,4,-3,-1",7,0.539062,0.523438,-2,0.539062,0.539062,-2,1.0,0.0,2.984881,True,True,True,True,60,78,23.076923,11.800656,15.303188
bandwidth_1x,0,prefill_constrained,1.0,4,9,coarse_top2,-2,"-4,-2,0,2,4,-3,-1,1",8,0.539062,0.523438,-2,0.539062,0.539062,-2,1.0,0.0,2.984881,True,True,True,True,69,78,11.538462,13.747687,15.303188
bandwidth_1x,0,prefill_constrained,1.0,4,9,coarse_top3,-2,"-4,-2,0,2,4,-3,-1,1,3",9,0.539062,0.523438,-2,0.539062,0.539062,-2,1.0,0.0,2.984881,True,True,True,True,78,78,0.0,15.303188,15.303188
bandwidth_1x,1,decode_constrained,1.0,4,9,coarse_top1,-4,"-4,-2,0,2,4,-3",6,0.042969,0.023438,-2,0.023438,0.042969,-4,1.0,0.0,83.330489,True,True,True,True,48,72,33.333333,0.995775,1.459131
bandwidth_1x,1,decode_constrained,1.0,4,9,coarse_top2,-4,"-4,-2,0,2,4,-3,-1,1",8,0.042969,0.023438,-2,0.023438,0.042969,-4,1.0,0.0,83.330489,True,True,True,True,64,72,11.111111,1.312568,1.459131
bandwidth_1x,1,decode_constrained,1.0,4,9,coarse_top3,-4,"-4,-2,0,2,4,-3,-1,1",8,0.042969,0.023438,-2,0.023438,0.042969,-4,1.0,0.0,83.330489,True,True,True,True,64,72,11.111111,1.312568,1.459131
bandwidth_1x,1,prefill_constrained,1.0,4,9,coarse_top1,-2,"-4,-2,0,2,4,-3,-1",7,0.667969,0.648438,-2,0.667969,0.667969,-2,1.0,0.0,3.012007,True,True,True,True,62,80,22.5,11.721367,14.832929
bandwidth_1x,1,prefill_constrained,1.0,4,9,coarse_top2,-2,"-4,-2,0,2,4,-3,-1,1",8,0.667969,0.648438,-2,0.667969,0.667969,-2,1.0,0.0,3.012007,True,True,True,True,71,80,11.25,13.274031,14.832929
bandwidth_1x,1,prefill_constrained,1.0,4,9,coarse_top3,-2,"-4,-2,0,2,4,-3,-1,1,3",9,0.667969,0.648438,-2,0.667969,0.667969,-2,1.0,0.0,3.012007,True,True,True,True,80,80,0.0,14.832929,14.832929
bandwidth_1x,2,decode_constrained,1.0,4,9,coarse_top1,-4,"-4,-2,0,2,4,-3",6,0.054688,0.027344,-2,0.027344,0.054688,-4,1.0,0.0,100.0,True,True,True,True,48,72,33.333333,1.078205,1.52513
bandwidth_1x,2,decode_constrained,1.0,4,9,coarse_top2,-4,"-4,-2,0,2,4,-3,-1,1",8,0.054688,0.027344,-2,0.027344,0.054688,-4,1.0,0.0,100.0,True,True,True,True,64,72,11.111111,1.412296,1.52513
bandwidth_1x,2,decode_constrained,1.0,4,9,coarse_top3,-4,"-4,-2,0,2,4,-3,-1,1",8,0.054688,0.027344,-2,0.027344,0.054688,-4,1.0,0.0,100.0,True,True,True,True,64,72,11.111111,1.412296,1.52513
bandwidth_1x,2,prefill_constrained,1.0,4,9,coarse_top1,3,"-4,-2,0,2,4,3",6,0.488281,0.390625,-2,0.257812,0.488281,3,1.0,0.0,24.999936,True,True,True,True,48,72,33.333333,5.636747,7.741677
bandwidth_1x,2,prefill_constrained,1.0,4,9,coarse_top2,3,"-4,-2,0,2,4,3,-1,1",8,0.488281,0.390625,-2,0.257812,0.488281,3,1.0,0.0,24.999936,True,True,True,True,64,72,11.111111,7.245433,7.741677
bandwidth_1x,2,prefill_constrained,1.0,4,9,coarse_top3,3,"-4,-2,0,2,4,3,-1,1",8,0.488281,0.390625,-2,0.257812,0.488281,3,1.0,0.0,24.999936,True,True,True,True,64,72,11.111111,7.245433,7.741677
bandwidth_1x,3,decode_constrained,1.0,4,9,coarse_top1,-4,"-4,-2,0,2,4,-3",6,0.046875,0.027344,-2,0.03125,0.046875,-4,1.0,0.0,71.427004,True,True,True,True,48,72,33.333333,0.987441,1.410768
bandwidth_1x,3,decode_constrained,1.0,4,9,coarse_top2,-4,"-4,-2,0,2,4,-3,-1",7,0.046875,0.027344,-2,0.03125,0.046875,-4,1.0,0.0,71.427004,True,True,True,True,56,72,22.222222,1.126547,1.410768
bandwidth_1x,3,decode_constrained,1.0,4,9,coarse_top3,-4,"-4,-2,0,2,4,-3,-1,1",8,0.046875,0.027344,-2,0.03125,0.046875,-4,1.0,0.0,71.427004,True,True,True,True,64,72,11.111111,1.281379,1.410768
bandwidth_1x,3,prefill_constrained,1.0,4,9,coarse_top1,1,"-4,-2,0,2,4,1,3",7,0.496094,0.472656,-2,0.476562,0.496094,"1,2",1.0,0.0,4.958786,True,True,True,True,56,72,22.222222,13.658561,17.462384
bandwidth_1x,3,prefill_constrained,1.0,4,9,coarse_top2,1,"-4,-2,0,2,4,1,3,-3,-1",9,0.496094,0.472656,-2,0.476562,0.496094,"1,2",1.0,0.0,4.958786,True,True,True,True,72,72,0.0,17.462384,17.462384
bandwidth_1x,3,prefill_constrained,1.0,4,9,coarse_top3,1,"-4,-2,0,2,4,1,3,-3,-1",9,0.496094,0.472656,-2,0.476562,0.496094,"1,2",1.0,0.0,4.958786,True,True,True,True,72,72,0.0,17.462384,17.462384
bandwidth_1x,7,decode_constrained,1.0,4,9,coarse_top1,-4,"-4,-2,0,2,4,-3",6,0.054688,0.03125,-2,0.03125,0.054688,-4,1.0,0.0,75.0016,True,True,True,True,48,72,33.333333,0.904554,1.249554
bandwidth_1x,7,decode_constrained,1.0,4,9,coarse_top2,-4,"-4,-2,0,2,4,-3,-1,1",8,0.054688,0.03125,-2,0.03125,0.054688,-4,1.0,0.0,75.0016,True,True,True,True,64,72,11.111111,1.145244,1.249554
bandwidth_1x,7,decode_constrained,1.0,4,9,coarse_top3,-4,"-4,-2,0,2,4,-3,-1,1",8,0.054688,0.03125,-2,0.03125,0.054688,-4,1.0,0.0,75.0016,True,True,True,True,64,72,11.111111,1.145244,1.249554
bandwidth_1x,7,prefill_constrained,1.0,4,9,coarse_top1,-1,"-4,-2,0,2,4,-1,1",7,0.535156,0.523438,-2,0.519531,0.535156,-1,1.0,0.0,2.238661,True,True,True,True,61,79,22.78481,10.039479,12.8054
bandwidth_1x,7,prefill_constrained,1.0,4,9,coarse_top2,-1,"-4,-2,0,2,4,-1,1,-3",8,0.535156,0.523438,-2,0.519531,0.535156,-1,1.0,0.0,2.238661,True,True,True,True,70,79,11.392405,11.386012,12.8054
bandwidth_1x,7,prefill_constrained,1.0,4,9,coarse_top3,-1,"-4,-2,0,2,4,-1,1,-3,3",9,0.535156,0.523438,-2,0.519531,0.535156,-1,1.0,0.0,2.238661,True,True,True,True,79,79,0.0,12.8054,12.8054
bandwidth_1x,19,decode_constrained,1.0,4,9,coarse_top1,-4,"-4,-2,0,2,4,-3",6,0.03125,0.019531,-2,0.023438,0.03125,-4,1.0,0.0,60.002048,True,True,True,True,48,72,33.333333,0.935914,1.398932
bandwidth_1x,19,decode_constrained,1.0,4,9,coarse_top2,-4,"-4,-2,0,2,4,-3,-1",7,0.03125,0.019531,-2,0.023438,0.03125,-4,1.0,0.0,60.002048,True,True,True,True,56,72,22.222222,1.109259,1.398932
bandwidth_1x,19,decode_constrained,1.0,4,9,coarse_top3,-4,"-4,-2,0,2,4,-3,-1,1",8,0.03125,0.019531,-2,0.023438,0.03125,-4,1.0,0.0,60.002048,True,True,True,True,64,72,11.111111,1.25719,1.398932
bandwidth_1x,19,prefill_constrained,1.0,4,9,coarse_top1,1,"-4,-2,0,2,4,1,3",7,0.597656,0.574219,-2,0.574219,0.597656,1,1.0,0.0,4.081544,True,True,True,True,61,79,22.78481,10.13319,13.241404
bandwidth_1x,19,prefill_constrained,1.0,4,9,coarse_top2,1,"-4,-2,0,2,4,1,3,-1",8,0.597656,0.574219,-2,0.574219,0.597656,1,1.0,0.0,4.081544,True,True,True,True,70,79,11.392405,11.738534,13.241404
bandwidth_1x,19,prefill_constrained,1.0,4,9,coarse_top3,1,"-4,-2,0,2,4,1,3,-1,-3",9,0.597656,0.574219,-2,0.574219,0.597656,1,1.0,0.0,4.081544,True,True,True,True,79,79,0.0,13.241404,13.241404
bandwidth_2x,0,decode_constrained,2.0,4,9,coarse_top1,-4,"-4,-2,0,2,4,-3",6,0.054688,0.03125,-2,0.039062,0.054688,-4,1.0,0.0,75.0016,True,True,True,True,48,72,33.333333,1.172454,1.677209
bandwidth_2x,0,decode_constrained,2.0,4,9,coarse_top2,-4,"-4,-2,0,2,4,-3,-1",7,0.054688,0.03125,-2,0.039062,0.054688,-4,1.0,0.0,75.0016,True,True,True,True,56,72,22.222222,1.371229,1.677209
bandwidth_2x,0,decode_constrained,2.0,4,9,coarse_top3,-4,"-4,-2,0,2,4,-3,-1,1",8,0.054688,0.03125,-2,0.039062,0.054688,-4,1.0,0.0,75.0016,True,True,True,True,64,72,11.111111,1.521776,1.677209
bandwidth_2x,0,prefill_constrained,2.0,4,9,coarse_top1,-1,"-4,-2,0,2,4,-1,1",7,0.691406,0.675781,-2,0.675781,0.691406,-1,1.0,0.0,2.31214,True,True,True,True,62,80,22.5,14.560751,18.646648
bandwidth_2x,0,prefill_constrained,2.0,4,9,coarse_top2,-1,"-4,-2,0,2,4,-1,1,-3",8,0.691406,0.675781,-2,0.675781,0.691406,-1,1.0,0.0,2.31214,True,True,True,True,71,80,11.25,16.432303,18.646648
bandwidth_2x,0,prefill_constrained,2.0,4,9,coarse_top3,-1,"-4,-2,0,2,4,-1,1,-3,3",9,0.691406,0.675781,-2,0.675781,0.691406,-1,1.0,0.0,2.31214,True,True,True,True,80,80,0.0,18.646648,18.646648
bandwidth_2x,1,decode_constrained,2.0,4,9,coarse_top1,-4,"-4,-2,0,2,4,-3",6,0.09375,0.039062,-2,0.046875,0.09375,-4,1.0,0.0,140.003072,True,True,True,True,48,72,33.333333,1.500754,2.116754
bandwidth_2x,1,decode_constrained,2.0,4,9,coarse_top2,-4,"-4,-2,0,2,4,-3,-1",7,0.09375,0.039062,-2,0.046875,0.09375,-4,1.0,0.0,140.003072,True,True,True,True,56,72,22.222222,1.728644,2.116754
bandwidth_2x,1,decode_constrained,2.0,4,9,coarse_top3,-4,"-4,-2,0,2,4,-3,-1,1",8,0.09375,0.039062,-2,0.046875,0.09375,-4,1.0,0.0,140.003072,True,True,True,True,64,72,11.111111,1.939064,2.116754
bandwidth_2x,1,prefill_constrained,2.0,4,9,coarse_top1,0,"-4,-2,0,2,4,-1,1",7,0.941406,0.941406,-2,0.769531,0.941406,0,1.0,0.0,0.0,True,True,True,True,62,80,22.5,15.702176,19.345153
bandwidth_2x,1,prefill_constrained,2.0,4,9,coarse_top2,0,"-4,-2,0,2,4,-1,1,-3",8,0.941406,0.941406,-2,0.769531,0.941406,0,1.0,0.0,0.0,True,True,True,True,71,80,11.25,17.784757,19.345153
bandwidth_2x,1,prefill_constrained,2.0,4,9,coarse_top3,0,"-4,-2,0,2,4,-1,1,-3,3",9,0.941406,0.941406,-2,0.769531,0.941406,0,1.0,0.0,0.0,True,True,True,True,80,80,0.0,19.345153,19.345153
bandwidth_2x,2,decode_constrained,2.0,4,9,coarse_top1,-3,"-4,-2,0,2,4,-3",6,0.089844,0.050781,-2,0.074219,0.089844,"-4,-3",1.0,0.0,76.92444,True,True,True,True,48,72,33.333333,1.693894,2.385811
bandwidth_2x,2,decode_constrained,2.0,4,9,coarse_top2,-3,"-4,-2,0,2,4,-3,-1",7,0.089844,0.050781,-2,0.074219,0.089844,"-4,-3",1.0,0.0,76.92444,True,True,True,True,56,72,22.222222,1.940086,2.385811
bandwidth_2x,2,decode_constrained,2.0,4,9,coarse_top3,-3,"-4,-2,0,2,4,-3,-1,1",8,0.089844,0.050781,-2,0.074219,0.089844,"-4,-3",1.0,0.0,76.92444,True,True,True,True,64,72,11.111111,2.168501,2.385811
bandwidth_2x,2,prefill_constrained,2.0,4,9,coarse_top1,0,"-4,-2,0,2,4,-1,1",7,0.675781,0.675781,-2,0.601562,0.675781,0,1.0,0.0,0.0,True,True,True,True,61,79,22.78481,9.630879,13.021023
bandwidth_2x,2,prefill_constrained,2.0,4,9,coarse_top2,0,"-4,-2,0,2,4,-1,1,3",8,0.675781,0.675781,-2,0.601562,0.675781,0,1.0,0.0,0.0,True,True,True,True,70,79,11.392405,11.726483,13.021023
bandwidth_2x,2,prefill_constrained,2.0,4,9,coarse_top3,0,"-4,-2,0,2,4,-1,1,3,-3",9,0.675781,0.675781,-2,0.601562,0.675781,0,1.0,0.0,0.0,True,True,True,True,79,79,0.0,13.021023,13.021023
bandwidth_2x,3,decode_constrained,2.0,4,9,coarse_top1,-3,"-4,-2,0,2,4,-3",6,0.105469,0.042969,-2,0.058594,0.105469,"-4,-3",1.0,0.0,145.453699,True,True,True,True,48,72,33.333333,1.714501,2.46386
bandwidth_2x,3,decode_constrained,2.0,4,9,coarse_top2,-3,"-4,-2,0,2,4,-3,-1",7,0.105469,0.042969,-2,0.058594,0.105469,"-4,-3",1.0,0.0,145.453699,True,True,True,True,56,72,22.222222,1.993809,2.46386
bandwidth_2x,3,decode_constrained,2.0,4,9,coarse_top3,-3,"-4,-2,0,2,4,-3,-1,1",8,0.105469,0.042969,-2,0.058594,0.105469,"-4,-3",1.0,0.0,145.453699,True,True,True,True,64,72,11.111111,2.250155,2.46386
bandwidth_2x,3,prefill_constrained,2.0,4,9,coarse_top1,0,"-4,-2,0,2,4,-1,1",7,0.566406,0.566406,-2,0.554688,0.566406,"-3,0,1",1.0,0.0,0.0,True,True,True,True,62,80,22.5,16.269632,20.381517
bandwidth_2x,3,prefill_constrained,2.0,4,9,coarse_top2,0,"-4,-2,0,2,4,-1,1,-3",8,0.566406,0.566406,-2,0.554688,0.566406,"-3,0,1",1.0,0.0,0.0,True,True,True,True,71,80,11.25,18.398215,20.381517
bandwidth_2x,3,prefill_constrained,2.0,4,9,coarse_top3,0,"-4,-2,0,2,4,-1,1,-3,3",9,0.566406,0.566406,-2,0.554688,0.566406,"-3,0,1",1.0,0.0,0.0,True,True,True,True,80,80,0.0,20.381517,20.381517
bandwidth_2x,7,decode_constrained,2.0,4,9,coarse_top1,-3,"-4,-2,0,2,4,-3",6,0.097656,0.050781,-2,0.070312,0.097656,"-4,-3",1.0,0.0,92.308147,True,True,True,True,48,72,33.333333,1.37456,2.085844
bandwidth_2x,7,decode_constrained,2.0,4,9,coarse_top2,-3,"-4,-2,0,2,4,-3,-1",7,0.097656,0.050781,-2,0.070312,0.097656,"-4,-3",1.0,0.0,92.308147,True,True,True,True,56,72,22.222222,1.625878,2.085844
bandwidth_2x,7,decode_constrained,2.0,4,9,coarse_top3,-3,"-4,-2,0,2,4,-3,-1,1",8,0.097656,0.050781,-2,0.070312,0.097656,"-4,-3",1.0,0.0,92.308147,True,True,True,True,64,72,11.111111,1.884837,2.085844
bandwidth_2x,7,prefill_constrained,2.0,4,9,coarse_top1,-1,"-4,-2,0,2,4,-1,1",7,0.671875,0.65625,-2,0.613281,0.671875,-1,1.0,0.0,2.380952,True,True,True,True,61,79,22.78481,12.154816,15.542095
bandwidth_2x,7,prefill_constrained,2.0,4,9,coarse_top2,-1,"-4,-2,0,2,4,-1,1,3",8,0.671875,0.65625,-2,0.613281,0.671875,-1,1.0,0.0,2.380952,True,True,True,True,70,79,11.392405,13.928214,15.542095
bandwidth_2x,7,prefill_constrained,2.0,4,9,coarse_top3,-1,"-4,-2,0,2,4,-1,1,3,-3",9,0.671875,0.65625,-2,0.613281,0.671875,-1,1.0,0.0,2.380952,True,True,True,True,79,79,0.0,15.542095,15.542095
bandwidth_2x,19,decode_constrained,2.0,4,9,coarse_top1,-4,"-4,-2,0,2,4,-3",6,0.066406,0.027344,-2,0.039062,0.066406,-4,1.0,0.0,142.854008,True,True,True,True,48,72,33.333333,1.213475,1.834699
bandwidth_2x,19,decode_constrained,2.0,4,9,coarse_top2,-4,"-4,-2,0,2,4,-3,-1",7,0.066406,0.027344,-2,0.039062,0.066406,-4,1.0,0.0,142.854008,True,True,True,True,56,72,22.222222,1.433155,1.834699
bandwidth_2x,19,decode_constrained,2.0,4,9,coarse_top3,-4,"-4,-2,0,2,4,-3,-1,1",8,0.066406,0.027344,-2,0.039062,0.066406,-4,1.0,0.0,142.854008,True,True,True,True,64,72,11.111111,1.664135,1.834699
bandwidth_2x,19,prefill_constrained,2.0,4,9,coarse_top1,2,"-4,-2,0,2,4,1,3",7,0.742188,0.734375,-2,0.738281,0.75,-1,0.989584,1.0416,1.063898,False,True,True,True,61,79,22.78481,14.452325,18.140455
bandwidth_2x,19,prefill_constrained,2.0,4,9,coarse_top2,-1,"-4,-2,0,2,4,1,3,-3,-1",9,0.75,0.734375,-2,0.738281,0.75,-1,1.0,0.0,2.12766,True,True,True,True,79,79,0.0,18.140455,18.140455
bandwidth_2x,19,prefill_constrained,2.0,4,9,coarse_top3,-1,"-4,-2,0,2,4,1,3,-3,-1",9,0.75,0.734375,-2,0.738281,0.75,-1,1.0,0.0,2.12766,True,True,True,True,79,79,0.0,18.140455,18.140455
