alpha,ttft_s,tpot_s,shift,partition,safe_lambda,unsafe_lambda,right_censored,sampled_monotonic,first_violation,peak_decode_at_first_unsafe,evaluations
0.0,0.28,1.0,-2,8-12-8-12-8-12-8-12,0.0079,0.00795,False,True,network,10,25
0.0,0.28,1.0,-1,9-11-9-11-9-11-9-11,0.0077,0.00775,False,True,network,10,21
0.0,0.28,1.0,0,10-10-10-10-10-10-10-10,0.00795,0.008,False,True,network,11,25
0.0,0.28,1.0,1,11-9-11-9-11-9-11-9,0.0084,0.00845,False,True,network,11,26
0.0,0.28,1.0,2,12-8-12-8-12-8-12-8,0.0092,0.00925,False,True,network,12,24
0.025,0.286152,0.909091,-2,8-12-8-12-8-12-8-12,0.0114,0.01145,False,True,network,13,32
0.025,0.286152,0.909091,-1,9-11-9-11-9-11-9-11,0.0111,0.01115,False,True,network,13,26
0.025,0.286152,0.909091,0,10-10-10-10-10-10-10-10,0.0156,0.01565,False,True,network,14,35
0.025,0.286152,0.909091,1,11-9-11-9-11-9-11-9,0.01645,0.0165,False,True,network,15,42
0.025,0.286152,0.909091,2,12-8-12-8-12-8-12-8,0.0161,0.01615,False,True,network,15,36
0.05,0.292581,0.833333,-2,8-12-8-12-8-12-8-12,0.019,0.01905,False,True,network,16,40
0.05,0.292581,0.833333,-1,9-11-9-11-9-11-9-11,0.02025,0.0203,False,True,network,17,47
0.05,0.292581,0.833333,0,10-10-10-10-10-10-10-10,0.0228,0.02285,False,True,network,18,53
0.05,0.292581,0.833333,1,11-9-11-9-11-9-11-9,0.0223,0.02235,False,True,network,18,52
0.05,0.292581,0.833333,2,12-8-12-8-12-8-12-8,0.0249,0.02495,False,True,network,19,59
0.075,0.299305,0.769231,-2,8-12-8-12-8-12-8-12,0.03025,0.0303,False,True,network,20,67
0.075,0.299305,0.769231,-1,9-11-9-11-9-11-9-11,0.02955,0.0296,False,True,network,20,62
0.075,0.299305,0.769231,0,10-10-10-10-10-10-10-10,0.0308,0.03085,False,True,network,21,69
0.075,0.299305,0.769231,1,11-9-11-9-11-9-11-9,0.0301,0.03015,False,True,network,21,64
0.075,0.299305,0.769231,2,12-8-12-8-12-8-12-8,0.0306,0.03065,False,True,network,22,65
0.1,0.306346,0.714286,-2,8-12-8-12-8-12-8-12,0.03345,0.0335,False,True,network,22,76
0.1,0.306346,0.714286,-1,9-11-9-11-9-11-9-11,0.05,,True,True,,,100
0.1,0.306346,0.714286,0,10-10-10-10-10-10-10-10,0.05,,True,True,,,100
0.1,0.306346,0.714286,1,11-9-11-9-11-9-11-9,0.05,,True,True,,,100
0.1,0.306346,0.714286,2,12-8-12-8-12-8-12-8,0.05,,True,True,,,100
0.125,0.313725,0.666667,-2,8-12-8-12-8-12-8-12,0.05,,True,True,,,100
0.125,0.313725,0.666667,-1,9-11-9-11-9-11-9-11,0.05,,True,True,,,100
0.125,0.313725,0.666667,0,10-10-10-10-10-10-10-10,0.05,,True,True,,,100
0.125,0.313725,0.666667,1,11-9-11-9-11-9-11-9,0.05,,True,True,,,100
0.125,0.313725,0.666667,2,12-8-12-8-12-8-12-8,0.05,,True,True,,,100
0.15,0.32147,0.625,-2,8-12-8-12-8-12-8-12,0.05,,True,True,,,100
0.15,0.32147,0.625,-1,9-11-9-11-9-11-9-11,0.05,,True,True,,,100
0.15,0.32147,0.625,0,10-10-10-10-10-10-10-10,0.05,,True,True,,,100
0.15,0.32147,0.625,1,11-9-11-9-11-9-11-9,0.05,,True,True,,,100
0.15,0.32147,0.625,2,12-8-12-8-12-8-12-8,0.05,,True,True,,,100
0.175,0.329606,0.588235,-2,8-12-8-12-8-12-8-12,0.05,,True,True,,,100
0.175,0.329606,0.588235,-1,9-11-9-11-9-11-9-11,0.05,,True,True,,,100
0.175,0.329606,0.588235,0,10-10-10-10-10-10-10-10,0.05,,True,True,,,100
0.175,0.329606,0.588235,1,11-9-11-9-11-9-11-9,0.05,,True,True,,,100
0.175,0.329606,0.588235,2,12-8-12-8-12-8-12-8,0.05,,True,True,,,100
0.2,0.338164,0.555556,-2,8-12-8-12-8-12-8-12,0.05,,True,True,,,100
0.2,0.338164,0.555556,-1,9-11-9-11-9-11-9-11,0.05,,True,True,,,100
0.2,0.338164,0.555556,0,10-10-10-10-10-10-10-10,0.05,,True,True,,,100
0.2,0.338164,0.555556,1,11-9-11-9-11-9-11-9,0.05,,True,True,,,100
0.2,0.338164,0.555556,2,12-8-12-8-12-8-12-8,0.05,,True,True,,,100
0.225,0.347179,0.526316,-2,8-12-8-12-8-12-8-12,0.05,,True,True,,,100
0.225,0.347179,0.526316,-1,9-11-9-11-9-11-9-11,0.05,,True,True,,,100
0.225,0.347179,0.526316,0,10-10-10-10-10-10-10-10,0.05,,True,True,,,100
0.225,0.347179,0.526316,1,11-9-11-9-11-9-11-9,0.05,,True,True,,,100
0.225,0.347179,0.526316,2,12-8-12-8-12-8-12-8,0.0306,0.03065,False,True,network,22,65
0.25,0.356688,0.5,-2,8-12-8-12-8-12-8-12,0.03345,0.0335,False,True,network,22,76
0.25,0.356688,0.5,-1,9-11-9-11-9-11-9-11,0.0327,0.03275,False,True,network,22,71
0.25,0.356688,0.5,0,10-10-10-10-10-10-10-10,0.03195,0.032,False,True,network,22,73
0.25,0.356688,0.5,1,11-9-11-9-11-9-11-9,0.0301,0.03015,False,True,network,21,64
0.25,0.356688,0.5,2,12-8-12-8-12-8-12-8,0.02945,0.0295,False,True,network,21,68
0.3,0.377358,0.454545,-2,8-12-8-12-8-12-8-12,0.03025,0.0303,False,True,network,20,67
0.3,0.377358,0.454545,-1,9-11-9-11-9-11-9-11,0.02955,0.0296,False,True,network,20,62
0.3,0.377358,0.454545,0,10-10-10-10-10-10-10-10,0.02605,0.0261,False,True,network,19,55
0.3,0.377358,0.454545,1,11-9-11-9-11-9-11-9,0.02545,0.0255,False,True,network,19,60
0.3,0.377358,0.454545,2,12-8-12-8-12-8-12-8,0.0249,0.02495,False,True,network,19,59
0.35,0.400572,0.416667,-2,8-12-8-12-8-12-8-12,0.0222,0.02225,False,True,network,18,50
0.35,0.400572,0.416667,-1,9-11-9-11-9-11-9-11,0.02165,0.0217,False,True,network,18,48
0.35,0.400572,0.416667,0,10-10-10-10-10-10-10-10,0.0198,0.01985,False,True,network,17,47
0.35,0.400572,0.416667,1,11-9-11-9-11-9-11-9,0.019,0.01905,False,True,network,17,40
0.35,0.400572,0.416667,2,12-8-12-8-12-8-12-8,0.0186,0.01865,False,True,network,17,41
0.4,0.426829,0.384615,-2,8-12-8-12-8-12-8-12,0.019,0.01905,False,True,network,16,40
0.4,0.426829,0.384615,-1,9-11-9-11-9-11-9-11,0.0186,0.01865,False,True,network,16,41
0.4,0.426829,0.384615,0,10-10-10-10-10-10-10-10,0.0168,0.01685,False,True,network,15,41
0.4,0.426829,0.384615,1,11-9-11-9-11-9-11-9,0.01605,0.0161,False,True,network,15,35
0.4,0.426829,0.384615,2,12-8-12-8-12-8-12-8,0.0157,0.01575,False,True,network,15,37
0.5,0.491228,0.333333,-2,8-12-8-12-8-12-8-12,0.0114,0.01145,False,True,network,13,32
0.5,0.491228,0.333333,-1,9-11-9-11-9-11-9-11,0.00985,0.0099,False,True,network,12,28
0.5,0.491228,0.333333,0,10-10-10-10-10-10-10-10,0.00965,0.0097,False,True,network,12,24
0.5,0.491228,0.333333,1,11-9-11-9-11-9-11-9,0.0094,0.00945,False,True,network,12,28
0.5,0.491228,0.333333,2,12-8-12-8-12-8-12-8,0.0082,0.00825,False,True,network,11,22
0.75,0.788732,0.25,-2,8-12-8-12-8-12-8-12,0.0055,0.00555,False,True,network,7,13
0.75,0.788732,0.25,-1,9-11-9-11-9-11-9-11,0.0043,0.00435,False,True,network,6,16
0.75,0.788732,0.25,0,10-10-10-10-10-10-10-10,0.00425,0.0043,False,True,network,6,15
0.75,0.788732,0.25,1,11-9-11-9-11-9-11-9,0.00415,0.0042,False,True,network,6,13
0.75,0.788732,0.25,2,12-8-12-8-12-8-12-8,0.00405,0.0041,False,True,network,6,11
1.0,2.0,0.2,-2,8-12-8-12-8-12-8-12,0.00235,0.0024,False,True,network,3,13
1.0,2.0,0.2,-1,9-11-9-11-9-11-9-11,0.0023,0.00235,False,True,network,3,12
1.0,2.0,0.2,0,10-10-10-10-10-10-10-10,0.00165,0.0017,False,True,network,3,8
1.0,2.0,0.2,1,11-9-11-9-11-9-11-9,0.00115,0.0012,False,True,network,2,7
1.0,2.0,0.2,2,12-8-12-8-12-8-12-8,0.0011,0.00115,False,True,network,2,6
