seed,regime,method,shift,partition,safe_lambda,unsafe_lambda,sampled_monotonic,first_violation,reference_lambda,oracle_safe_lambda,oracle_shifts
0,decode_constrained,uniform,0,10-10-10-10-10-10-10-10,0.0011,0.00115,True,network,0.00115,0.00175,-2
0,decode_constrained,prefill_balanced,2,12-8-12-8-12-8-12-8,0.00105,0.0011,True,network,0.00115,0.00175,-2
0,decode_constrained,decode_balanced,-2,8-12-8-12-8-12-8-12,0.00175,0.0018,True,network,0.00115,0.00175,-2
0,decode_constrained,phase_agnostic_joint_compute,-1,9-11-9-11-9-11-9-11,0.0017,0.00175,True,network,0.00115,0.00175,-2
0,decode_constrained,sla_stress_search,-2,8-12-8-12-8-12-8-12,0.00175,0.0018,True,network,0.00115,0.00175,-2
0,prefill_constrained,uniform,0,10-10-10-10-10-10-10-10,0.0082,0.0083,True,network,0.0083,0.0086,2
0,prefill_constrained,prefill_balanced,2,12-8-12-8-12-8-12-8,0.0086,0.0087,True,network,0.0083,0.0086,2
0,prefill_constrained,decode_balanced,-2,8-12-8-12-8-12-8-12,0.0071,0.0072,True,network,0.0083,0.0086,2
0,prefill_constrained,phase_agnostic_joint_compute,-1,9-11-9-11-9-11-9-11,0.0069,0.007,True,network,0.0083,0.0086,2
0,prefill_constrained,sla_stress_search,-1,9-11-9-11-9-11-9-11,0.0069,0.007,True,network,0.0083,0.0086,2
1,decode_constrained,uniform,0,10-10-10-10-10-10-10-10,0.0011,0.00115,True,network,0.00115,0.0018,-2
1,decode_constrained,prefill_balanced,2,12-8-12-8-12-8-12-8,0.00105,0.0011,True,network,0.00115,0.0018,-2
1,decode_constrained,decode_balanced,-2,8-12-8-12-8-12-8-12,0.0018,0.00185,True,network,0.00115,0.0018,-2
1,decode_constrained,phase_agnostic_joint_compute,-1,9-11-9-11-9-11-9-11,0.00175,0.0018,True,network,0.00115,0.0018,-2
1,decode_constrained,sla_stress_search,-2,8-12-8-12-8-12-8-12,0.0018,0.00185,True,network,0.00115,0.0018,-2
1,prefill_constrained,uniform,0,10-10-10-10-10-10-10-10,0.0095,0.0096,True,network,0.0096,0.012,2
1,prefill_constrained,prefill_balanced,2,12-8-12-8-12-8-12-8,0.012,,True,,0.0096,0.012,2
1,prefill_constrained,decode_balanced,-2,8-12-8-12-8-12-8-12,0.0082,0.0083,True,network,0.0096,0.012,2
1,prefill_constrained,phase_agnostic_joint_compute,-1,9-11-9-11-9-11-9-11,0.008,0.0081,True,network,0.0096,0.012,2
1,prefill_constrained,sla_stress_search,2,12-8-12-8-12-8-12-8,0.012,,True,,0.0096,0.012,2
2,decode_constrained,uniform,0,10-10-10-10-10-10-10-10,0.0011,0.00115,True,network,0.00115,0.00175,-2
2,decode_constrained,prefill_balanced,2,12-8-12-8-12-8-12-8,0.00105,0.0011,True,network,0.00115,0.00175,-2
2,decode_constrained,decode_balanced,-2,8-12-8-12-8-12-8-12,0.00175,0.0018,True,network,0.00115,0.00175,-2
2,decode_constrained,phase_agnostic_joint_compute,-1,9-11-9-11-9-11-9-11,0.0017,0.00175,True,network,0.00115,0.00175,-2
2,decode_constrained,sla_stress_search,-2,8-12-8-12-8-12-8-12,0.00175,0.0018,True,network,0.00115,0.00175,-2
2,prefill_constrained,uniform,0,10-10-10-10-10-10-10-10,0.0068,0.0069,True,network,0.0069,0.0077,2
2,prefill_constrained,prefill_balanced,2,12-8-12-8-12-8-12-8,0.0077,0.0078,True,network,0.0069,0.0077,2
2,prefill_constrained,decode_balanced,-2,8-12-8-12-8-12-8-12,0.0064,0.0065,True,network,0.0069,0.0077,2
2,prefill_constrained,phase_agnostic_joint_compute,-1,9-11-9-11-9-11-9-11,0.0061,0.0062,True,network,0.0069,0.0077,2
2,prefill_constrained,sla_stress_search,2,12-8-12-8-12-8-12-8,0.0077,0.0078,True,network,0.0069,0.0077,2
3,decode_constrained,uniform,0,10-10-10-10-10-10-10-10,0.0011,0.00115,True,network,0.00115,0.0017,"-2,-1"
3,decode_constrained,prefill_balanced,2,12-8-12-8-12-8-12-8,0.00105,0.0011,True,network,0.00115,0.0017,"-2,-1"
3,decode_constrained,decode_balanced,-2,8-12-8-12-8-12-8-12,0.0017,0.00175,True,network,0.00115,0.0017,"-2,-1"
3,decode_constrained,phase_agnostic_joint_compute,-1,9-11-9-11-9-11-9-11,0.0017,0.00175,True,network,0.00115,0.0017,"-2,-1"
3,decode_constrained,sla_stress_search,-2,8-12-8-12-8-12-8-12,0.0017,0.00175,True,network,0.00115,0.0017,"-2,-1"
3,prefill_constrained,uniform,0,10-10-10-10-10-10-10-10,0.0076,0.0077,True,network,0.0077,0.009,2
3,prefill_constrained,prefill_balanced,2,12-8-12-8-12-8-12-8,0.009,0.0091,True,network,0.0077,0.009,2
3,prefill_constrained,decode_balanced,-2,8-12-8-12-8-12-8-12,0.0076,0.0077,True,network,0.0077,0.009,2
3,prefill_constrained,phase_agnostic_joint_compute,-1,9-11-9-11-9-11-9-11,0.0074,0.0075,True,network,0.0077,0.009,2
3,prefill_constrained,sla_stress_search,2,12-8-12-8-12-8-12-8,0.009,0.0091,True,network,0.0077,0.009,2
7,decode_constrained,uniform,0,10-10-10-10-10-10-10-10,0.00165,0.0017,True,network,0.0017,0.00235,-2
7,decode_constrained,prefill_balanced,2,12-8-12-8-12-8-12-8,0.0011,0.00115,True,network,0.0017,0.00235,-2
7,decode_constrained,decode_balanced,-2,8-12-8-12-8-12-8-12,0.00235,0.0024,True,network,0.0017,0.00235,-2
7,decode_constrained,phase_agnostic_joint_compute,-1,9-11-9-11-9-11-9-11,0.0023,0.00235,True,network,0.0017,0.00235,-2
7,decode_constrained,sla_stress_search,-2,8-12-8-12-8-12-8-12,0.00235,0.0024,True,network,0.0017,0.00235,-2
7,prefill_constrained,uniform,0,10-10-10-10-10-10-10-10,0.0079,0.008,True,network,0.008,0.0092,2
7,prefill_constrained,prefill_balanced,2,12-8-12-8-12-8-12-8,0.0092,0.0093,True,network,0.008,0.0092,2
7,prefill_constrained,decode_balanced,-2,8-12-8-12-8-12-8-12,0.0079,0.008,True,network,0.008,0.0092,2
7,prefill_constrained,phase_agnostic_joint_compute,-1,9-11-9-11-9-11-9-11,0.0077,0.0078,True,network,0.008,0.0092,2
7,prefill_constrained,sla_stress_search,2,12-8-12-8-12-8-12-8,0.0092,0.0093,True,network,0.008,0.0092,2
19,decode_constrained,uniform,0,10-10-10-10-10-10-10-10,0.0011,0.00115,True,network,0.00115,0.00175,-2
19,decode_constrained,prefill_balanced,2,12-8-12-8-12-8-12-8,0.00105,0.0011,True,network,0.00115,0.00175,-2
19,decode_constrained,decode_balanced,-2,8-12-8-12-8-12-8-12,0.00175,0.0018,True,network,0.00115,0.00175,-2
19,decode_constrained,phase_agnostic_joint_compute,-1,9-11-9-11-9-11-9-11,0.0017,0.00175,True,network,0.00115,0.00175,-2
19,decode_constrained,sla_stress_search,-2,8-12-8-12-8-12-8-12,0.00175,0.0018,True,network,0.00115,0.00175,-2
19,prefill_constrained,uniform,0,10-10-10-10-10-10-10-10,0.0084,0.0085,True,network,0.0085,0.0099,2
19,prefill_constrained,prefill_balanced,2,12-8-12-8-12-8-12-8,0.0099,0.01,True,network,0.0085,0.0099,2
19,prefill_constrained,decode_balanced,-2,8-12-8-12-8-12-8-12,0.0085,0.0086,True,network,0.0085,0.0099,2
19,prefill_constrained,phase_agnostic_joint_compute,-1,9-11-9-11-9-11-9-11,0.0083,0.0084,True,network,0.0085,0.0099,2
19,prefill_constrained,sla_stress_search,2,12-8-12-8-12-8-12-8,0.0099,0.01,True,network,0.0085,0.0099,2
