scenario,reference_lambda,iteration,partition,safe_at_reference,minimum_link_headroom_mb_s_at_reference
homogeneous_control,0.0095,0,10-10-10-10-10-10-10-10,False,-134.718641
mild_alternating,0.0095,0,10-10-10-10-10-10-10-10,False,-179.844578
mild_alternating,0.0095,1,11-9-10-10-10-10-10-10,False,-172.119047
mild_alternating,0.0095,2,12-8-10-10-10-10-10-10,False,-164.477106
mild_alternating,0.0095,3,13-7-10-10-10-10-10-10,False,-156.917403
mild_alternating,0.0095,4,14-6-10-10-10-10-10-10,False,-149.438616
mild_alternating,0.0095,5,15-5-10-10-10-10-10-10,False,-142.039451
mild_alternating,0.0095,6,15-5-11-9-10-10-10-10,False,-134.718641
mild_alternating,0.0095,7,15-5-11-9-11-9-10-10,False,-127.474946
mild_alternating,0.0095,8,15-5-11-9-12-8-10-10,False,-120.307153
mild_alternating,0.0095,9,15-5-11-9-12-7-11-10,False,-113.325024
mild_alternating,0.0095,10,15-5-12-8-12-7-11-10,False,-106.303948
mild_alternating,0.0095,11,15-5-13-7-12-7-11-10,False,-99.355307
mild_alternating,0.0095,12,15-5-14-6-12-7-11-10,False,-92.477984
mild_alternating,0.0095,13,15-5-15-5-12-7-11-10,False,-85.670886
mild_alternating,0.0095,14,15-5-15-5-13-6-11-10,True,163.839674
mild_alternating,0.0095,15,15-5-15-5-14-5-11-10,True,169.08637
mild_alternating,0.0095,16,15-5-15-5-14-5-12-9,True,174.185373
mild_alternating,0.0095,17,15-5-15-5-14-5-13-8,True,179.332405
mild_alternating,0.0095,18,15-5-15-5-14-5-14-7,True,184.430023
mild_alternating,0.0095,19,15-5-15-5-14-5-15-6,True,189.478938
single_slow_stage,0.007,0,10-10-10-10-10-10-10-10,False,-56.623147
single_slow_stage,0.007,1,10-10-11-9-10-10-10-10,False,-36.53459
single_slow_stage,0.007,2,10-10-12-8-10-10-10-10,False,-17.058942
single_slow_stage,0.007,3,10-10-13-7-10-10-10-10,True,1.831477
single_slow_stage,0.007,4,10-10-14-6-10-10-10-10,True,20.162701
single_slow_stage,0.007,5,10-10-15-5-10-10-10-10,True,37.832979
graded,0.0065,0,10-10-10-10-10-10-10-10,False,-95.259945
graded,0.0065,1,10-10-10-10-10-10-11-9,False,-88.992137
graded,0.0065,2,10-10-10-10-10-10-12-8,False,-82.782905
graded,0.0065,3,10-10-10-10-10-10-13-7,False,-76.631429
graded,0.0065,4,10-10-10-10-10-10-14-6,False,-70.536905
graded,0.0065,5,10-10-10-10-10-10-15-5,True,218.452683
graded,0.0065,6,10-10-10-10-10-11-14-5,True,221.858289
graded,0.0065,7,10-10-10-10-10-12-13-5,True,225.241269
graded,0.0065,8,10-10-10-10-10-13-12-5,True,228.601849
graded,0.0065,9,10-10-10-10-10-14-11-5,True,231.940251
graded,0.0065,10,10-10-10-10-10-15-10-5,True,235.256693
graded,0.0065,11,10-10-10-10-11-14-10-5,True,237.821106
graded,0.0065,12,10-10-10-10-11-15-9-5,True,240.994566
graded,0.0065,13,10-10-10-10-12-14-9-5,True,243.531831
graded,0.0065,14,10-10-10-10-12-15-8-5,True,246.774785
graded,0.0065,15,10-10-10-10-13-14-8-5,True,249.128154
graded,0.0065,16,10-10-10-10-13-15-7-5,True,252.335603
graded,0.0065,17,10-10-10-10-14-14-7-5,True,254.815976
graded,0.0065,18,10-10-10-10-14-15-6-5,True,257.986794
graded,0.0065,19,10-10-10-10-15-14-6-5,True,260.438922
graded,0.0065,20,10-10-10-10-15-15-5-5,True,263.573735
graded,0.0065,21,10-10-10-11-14-15-5-5,True,265.514188
graded,0.0065,22,10-10-10-11-15-14-5-5,True,267.928944
graded,0.0065,23,10-10-10-12-14-14-5-5,True,269.852157
graded,0.0065,24,10-10-10-12-15-13-5-5,True,272.245508
graded,0.0065,25,10-10-10-13-14-13-5-5,True,274.15171
graded,0.0065,26,10-10-10-13-15-12-5-5,True,276.523939
graded,0.0065,27,10-10-10-14-14-12-5-5,True,278.413356
graded,0.0065,28,10-10-10-14-15-11-5-5,True,280.764741
graded,0.0065,29,10-10-10-15-14-11-5-5,True,282.637594
graded,0.0065,30,10-10-10-15-15-10-5-5,True,284.96841
graded,0.0065,31,10-10-11-14-15-10-5-5,True,286.487906
graded,0.0065,32,10-10-11-15-14-10-5-5,True,288.33852
graded,0.0065,33,10-10-11-15-15-9-5-5,True,290.641721
graded,0.0065,34,10-10-12-14-15-9-5-5,True,292.14325
graded,0.0065,35,10-10-12-15-14-9-5-5,True,293.97202
graded,0.0065,36,10-10-12-15-15-8-5-5,True,296.248094
graded,0.0065,37,10-10-13-14-15-8-5-5,True,297.731973
graded,0.0065,38,10-10-13-15-14-8-5-5,True,299.539285
graded,0.0065,39,10-10-13-15-15-7-5-5,True,301.78871
graded,0.0065,40,10-10-14-14-15-7-5-5,True,303.255249
shuffled_severe,0.0065,0,10-10-10-10-10-10-10-10,False,-110.936465
shuffled_severe,0.0065,1,9-11-10-10-10-10-10-10,False,-87.068836
shuffled_severe,0.0065,2,8-12-10-10-10-10-10-10,True,218.807831
shuffled_severe,0.0065,3,7-13-10-10-10-10-10-10,True,235.684951
shuffled_severe,0.0065,4,6-14-10-10-10-10-10-10,True,251.765941
shuffled_severe,0.0065,5,5-15-10-10-10-10-10-10,True,267.594372
shuffled_severe,0.0065,6,5-15-10-11-9-10-10-10,True,279.680004
shuffled_severe,0.0065,7,5-15-10-12-8-10-10-10,True,291.469185
shuffled_severe,0.0065,8,5-15-10-13-7-10-10-10,True,302.97271
shuffled_severe,0.0065,9,5-15-10-14-6-10-10-10,True,314.200857
shuffled_severe,0.0065,10,5-15-10-15-5-10-10-10,True,325.163414
shuffled_severe,0.0065,11,5-15-10-15-5-10-9-11,True,330.795804
shuffled_severe,0.0065,12,5-15-10-15-5-10-8-12,True,336.473502
shuffled_severe,0.0065,13,5-15-10-15-5-10-7-13,True,342.080824
shuffled_severe,0.0065,14,5-15-10-15-5-10-6-14,True,347.619074
shuffled_severe,0.0065,15,5-15-10-15-5-10-5-15,True,353.089521
