condition,seed,regime,bandwidth_multiplier,shift,safe_intensity,unsafe_intensity,evaluations,elapsed_s,sampled_monotonic,right_censored,is_oracle_shift
expanded_20_seed,0,decode_constrained,1.0,-4,0.035156,0.039062,8,0.13996,True,False,True
expanded_20_seed,0,decode_constrained,1.0,-3,0.03125,0.035156,8,0.112141,True,False,False
expanded_20_seed,0,decode_constrained,1.0,-2,0.027344,0.03125,8,0.148725,True,False,False
expanded_20_seed,0,decode_constrained,1.0,-1,0.023438,0.027344,8,0.122,True,False,False
expanded_20_seed,0,decode_constrained,1.0,0,0.023438,0.027344,8,0.119203,True,False,False
expanded_20_seed,0,decode_constrained,1.0,1,0.011719,0.015625,8,0.100145,True,False,False
expanded_20_seed,0,decode_constrained,1.0,2,0.011719,0.015625,8,0.100726,True,False,False
expanded_20_seed,0,decode_constrained,1.0,3,0.011719,0.015625,8,0.101763,True,False,False
expanded_20_seed,0,decode_constrained,1.0,4,0.003906,0.007812,8,0.061477,True,False,False
expanded_20_seed,0,prefill_constrained,1.0,-4,0.460938,0.464844,8,0.992463,True,False,False
expanded_20_seed,0,prefill_constrained,1.0,-3,0.449219,0.453125,8,0.985562,True,False,False
expanded_20_seed,0,prefill_constrained,1.0,-2,0.539062,0.542969,9,1.343217,True,False,True
expanded_20_seed,0,prefill_constrained,1.0,-1,0.535156,0.539062,9,1.368492,True,False,False
expanded_20_seed,0,prefill_constrained,1.0,0,0.523438,0.527344,9,1.394883,True,False,False
expanded_20_seed,0,prefill_constrained,1.0,1,0.511719,0.515625,9,1.368248,True,False,False
expanded_20_seed,0,prefill_constrained,1.0,2,0.507812,0.511719,9,1.249762,True,False,False
expanded_20_seed,0,prefill_constrained,1.0,3,0.5,0.503906,9,1.116302,True,False,False
expanded_20_seed,0,prefill_constrained,1.0,4,0.46875,0.472656,8,1.150265,True,False,False
expanded_20_seed,1,decode_constrained,1.0,-4,0.042969,0.046875,8,0.187283,True,False,True
expanded_20_seed,1,decode_constrained,1.0,-3,0.023438,0.027344,8,0.137939,True,False,False
expanded_20_seed,1,decode_constrained,1.0,-2,0.023438,0.027344,8,0.130555,True,False,False
expanded_20_seed,1,decode_constrained,1.0,-1,0.023438,0.027344,8,0.131079,True,False,False
expanded_20_seed,1,decode_constrained,1.0,0,0.023438,0.027344,8,0.134068,True,False,False
expanded_20_seed,1,decode_constrained,1.0,1,0.011719,0.015625,8,0.108766,True,False,False
expanded_20_seed,1,decode_constrained,1.0,2,0.011719,0.015625,8,0.108487,True,False,False
expanded_20_seed,1,decode_constrained,1.0,3,0.011719,0.015625,8,0.109532,True,False,False
expanded_20_seed,1,decode_constrained,1.0,4,0.003906,0.007812,8,0.061715,True,False,False
expanded_20_seed,1,prefill_constrained,1.0,-4,0.5,0.503906,9,0.657397,True,False,False
expanded_20_seed,1,prefill_constrained,1.0,-3,0.621094,0.625,9,1.446025,True,False,False
expanded_20_seed,1,prefill_constrained,1.0,-2,0.667969,0.671875,9,1.394828,True,False,True
expanded_20_seed,1,prefill_constrained,1.0,-1,0.660156,0.664062,9,1.242408,True,False,False
expanded_20_seed,1,prefill_constrained,1.0,0,0.648438,0.652344,9,1.247566,True,False,False
expanded_20_seed,1,prefill_constrained,1.0,1,0.632812,0.636719,9,1.088,True,False,False
expanded_20_seed,1,prefill_constrained,1.0,2,0.648438,0.652344,9,1.278609,True,False,False
expanded_20_seed,1,prefill_constrained,1.0,3,0.539062,0.542969,9,1.114746,True,False,False
expanded_20_seed,1,prefill_constrained,1.0,4,0.417969,0.421875,8,0.996016,True,False,False
expanded_20_seed,2,decode_constrained,1.0,-4,0.054688,0.058594,8,0.206876,True,False,True
expanded_20_seed,2,decode_constrained,1.0,-3,0.03125,0.035156,8,0.128782,True,False,False
expanded_20_seed,2,decode_constrained,1.0,-2,0.027344,0.03125,8,0.156577,True,False,False
expanded_20_seed,2,decode_constrained,1.0,-1,0.027344,0.03125,8,0.159869,True,False,False
expanded_20_seed,2,decode_constrained,1.0,0,0.027344,0.03125,8,0.160307,True,False,False
expanded_20_seed,2,decode_constrained,1.0,1,0.015625,0.019531,8,0.084507,True,False,False
expanded_20_seed,2,decode_constrained,1.0,2,0.015625,0.019531,8,0.082708,True,False,False
expanded_20_seed,2,decode_constrained,1.0,3,0.015625,0.019531,8,0.090305,True,False,False
expanded_20_seed,2,decode_constrained,1.0,4,0.003906,0.007812,8,0.058907,True,False,False
expanded_20_seed,2,prefill_constrained,1.0,-4,0.230469,0.234375,8,0.511807,True,False,False
expanded_20_seed,2,prefill_constrained,1.0,-3,0.265625,0.269531,8,0.351866,True,False,False
expanded_20_seed,2,prefill_constrained,1.0,-2,0.257812,0.261719,8,0.360785,True,False,False
expanded_20_seed,2,prefill_constrained,1.0,-1,0.316406,0.320312,8,0.493561,True,False,False
expanded_20_seed,2,prefill_constrained,1.0,0,0.390625,0.394531,8,0.548163,True,False,False
expanded_20_seed,2,prefill_constrained,1.0,1,0.398438,0.402344,8,0.679205,True,False,False
expanded_20_seed,2,prefill_constrained,1.0,2,0.386719,0.390625,8,0.714492,True,False,False
expanded_20_seed,2,prefill_constrained,1.0,3,0.488281,0.492188,8,1.057166,True,False,True
expanded_20_seed,2,prefill_constrained,1.0,4,0.402344,0.40625,8,0.860866,True,False,False
expanded_20_seed,3,decode_constrained,1.0,-4,0.046875,0.050781,8,0.160501,True,False,True
expanded_20_seed,3,decode_constrained,1.0,-3,0.03125,0.035156,8,0.115497,True,False,False
expanded_20_seed,3,decode_constrained,1.0,-2,0.03125,0.035156,8,0.102606,True,False,False
expanded_20_seed,3,decode_constrained,1.0,-1,0.03125,0.035156,8,0.104111,True,False,False
expanded_20_seed,3,decode_constrained,1.0,0,0.027344,0.03125,8,0.180758,True,False,False
expanded_20_seed,3,decode_constrained,1.0,1,0.019531,0.023438,8,0.12737,True,False,False
expanded_20_seed,3,decode_constrained,1.0,2,0.019531,0.023438,8,0.120066,True,False,False
expanded_20_seed,3,decode_constrained,1.0,3,0.015625,0.019531,8,0.096999,True,False,False
expanded_20_seed,3,decode_constrained,1.0,4,0.003906,0.007812,8,0.067946,True,False,False
expanded_20_seed,3,prefill_constrained,1.0,-4,0.449219,0.453125,8,1.289975,True,False,False
expanded_20_seed,3,prefill_constrained,1.0,-3,0.480469,0.484375,8,1.372149,True,False,False
expanded_20_seed,3,prefill_constrained,1.0,-2,0.476562,0.480469,8,1.368589,True,False,False
expanded_20_seed,3,prefill_constrained,1.0,-1,0.464844,0.46875,8,1.402368,True,False,False
expanded_20_seed,3,prefill_constrained,1.0,0,0.472656,0.476562,8,1.434026,True,False,False
expanded_20_seed,3,prefill_constrained,1.0,1,0.496094,0.5,8,1.530231,True,False,True
expanded_20_seed,3,prefill_constrained,1.0,2,0.496094,0.5,8,1.567772,True,False,True
expanded_20_seed,3,prefill_constrained,1.0,3,0.484375,0.488281,8,1.496991,True,False,False
expanded_20_seed,3,prefill_constrained,1.0,4,0.46875,0.472656,8,1.164052,True,False,False
expanded_20_seed,4,decode_constrained,1.0,-4,0.066406,0.070312,8,0.151873,True,False,True
expanded_20_seed,4,decode_constrained,1.0,-3,0.050781,0.054688,8,0.230116,True,False,False
expanded_20_seed,4,decode_constrained,1.0,-2,0.039062,0.042969,8,0.120193,True,False,False
expanded_20_seed,4,decode_constrained,1.0,-1,0.039062,0.042969,8,0.122699,True,False,False
expanded_20_seed,4,decode_constrained,1.0,0,0.039062,0.042969,8,0.124813,True,False,False
expanded_20_seed,4,decode_constrained,1.0,1,0.019531,0.023438,8,0.107209,True,False,False
expanded_20_seed,4,decode_constrained,1.0,2,0.019531,0.023438,8,0.106504,True,False,False
expanded_20_seed,4,decode_constrained,1.0,3,0.015625,0.019531,8,0.081247,True,False,False
expanded_20_seed,4,decode_constrained,1.0,4,0.003906,0.007812,8,0.060941,True,False,False
expanded_20_seed,4,prefill_constrained,1.0,-4,0.277344,0.28125,8,0.752365,True,False,False
expanded_20_seed,4,prefill_constrained,1.0,-3,0.289062,0.292969,8,0.755641,True,False,False
expanded_20_seed,4,prefill_constrained,1.0,-2,0.28125,0.285156,8,0.774888,True,False,False
expanded_20_seed,4,prefill_constrained,1.0,-1,0.28125,0.285156,8,0.810619,True,False,False
expanded_20_seed,4,prefill_constrained,1.0,0,0.316406,0.320312,8,0.850811,True,False,False
expanded_20_seed,4,prefill_constrained,1.0,1,0.3125,0.316406,8,0.865721,True,False,False
expanded_20_seed,4,prefill_constrained,1.0,2,0.3125,0.316406,8,0.898902,True,False,False
expanded_20_seed,4,prefill_constrained,1.0,3,0.382812,0.386719,8,0.94072,True,False,False
expanded_20_seed,4,prefill_constrained,1.0,4,0.410156,0.414062,8,1.043848,True,False,True
expanded_20_seed,5,decode_constrained,1.0,-4,0.050781,0.054688,8,0.204732,True,False,True
expanded_20_seed,5,decode_constrained,1.0,-3,0.046875,0.050781,8,0.193058,True,False,False
expanded_20_seed,5,decode_constrained,1.0,-2,0.035156,0.039062,8,0.122801,True,False,False
expanded_20_seed,5,decode_constrained,1.0,-1,0.035156,0.039062,8,0.121986,True,False,False
expanded_20_seed,5,decode_constrained,1.0,0,0.03125,0.035156,8,0.108028,True,False,False
expanded_20_seed,5,decode_constrained,1.0,1,0.019531,0.023438,8,0.120208,True,False,False
expanded_20_seed,5,decode_constrained,1.0,2,0.019531,0.023438,8,0.113385,True,False,False
expanded_20_seed,5,decode_constrained,1.0,3,0.019531,0.023438,8,0.100619,True,False,False
expanded_20_seed,5,decode_constrained,1.0,4,0.003906,0.007812,8,0.060455,True,False,False
expanded_20_seed,5,prefill_constrained,1.0,-4,0.488281,0.492188,8,0.941315,True,False,False
expanded_20_seed,5,prefill_constrained,1.0,-3,0.53125,0.535156,9,0.753959,True,False,False
expanded_20_seed,5,prefill_constrained,1.0,-2,0.519531,0.523438,9,0.89597,True,False,False
expanded_20_seed,5,prefill_constrained,1.0,-1,0.511719,0.515625,9,0.911267,True,False,False
expanded_20_seed,5,prefill_constrained,1.0,0,0.523438,0.527344,9,0.919002,True,False,False
expanded_20_seed,5,prefill_constrained,1.0,1,0.511719,0.515625,9,0.917931,True,False,False
expanded_20_seed,5,prefill_constrained,1.0,2,0.503906,0.507812,9,0.827558,True,False,False
expanded_20_seed,5,prefill_constrained,1.0,3,0.542969,0.546875,9,1.107041,True,False,True
expanded_20_seed,5,prefill_constrained,1.0,4,0.46875,0.472656,8,0.998885,True,False,False
expanded_20_seed,6,decode_constrained,1.0,-4,0.035156,0.039062,8,0.126318,True,False,True
expanded_20_seed,6,decode_constrained,1.0,-3,0.035156,0.039062,8,0.133256,True,False,True
expanded_20_seed,6,decode_constrained,1.0,-2,0.023438,0.027344,8,0.11424,True,False,False
expanded_20_seed,6,decode_constrained,1.0,-1,0.023438,0.027344,8,0.105388,True,False,False
expanded_20_seed,6,decode_constrained,1.0,0,0.019531,0.023438,8,0.119503,True,False,False
expanded_20_seed,6,decode_constrained,1.0,1,0.011719,0.015625,8,0.096231,True,False,False
expanded_20_seed,6,decode_constrained,1.0,2,0.011719,0.015625,8,0.096173,True,False,False
expanded_20_seed,6,decode_constrained,1.0,3,0.011719,0.015625,8,0.096868,True,False,False
expanded_20_seed,6,decode_constrained,1.0,4,0.003906,0.007812,8,0.070537,True,False,False
expanded_20_seed,6,prefill_constrained,1.0,-4,0.351562,0.355469,8,0.606366,True,False,False
expanded_20_seed,6,prefill_constrained,1.0,-3,0.367188,0.371094,8,0.675431,True,False,True
expanded_20_seed,6,prefill_constrained,1.0,-2,0.359375,0.363281,8,0.597365,True,False,False
expanded_20_seed,6,prefill_constrained,1.0,-1,0.351562,0.355469,8,0.61858,True,False,False
expanded_20_seed,6,prefill_constrained,1.0,0,0.355469,0.359375,8,0.708794,True,False,False
expanded_20_seed,6,prefill_constrained,1.0,1,0.351562,0.355469,8,0.631786,True,False,False
expanded_20_seed,6,prefill_constrained,1.0,2,0.34375,0.347656,8,0.578105,True,False,False
expanded_20_seed,6,prefill_constrained,1.0,3,0.347656,0.351562,8,0.643742,True,False,False
expanded_20_seed,6,prefill_constrained,1.0,4,0.363281,0.367188,8,0.742552,True,False,False
expanded_20_seed,7,decode_constrained,1.0,-4,0.054688,0.058594,8,0.195999,True,False,True
expanded_20_seed,7,decode_constrained,1.0,-3,0.035156,0.039062,8,0.147162,True,False,False
expanded_20_seed,7,decode_constrained,1.0,-2,0.03125,0.035156,8,0.11204,True,False,False
expanded_20_seed,7,decode_constrained,1.0,-1,0.03125,0.035156,8,0.108602,True,False,False
expanded_20_seed,7,decode_constrained,1.0,0,0.03125,0.035156,8,0.1036,True,False,False
expanded_20_seed,7,decode_constrained,1.0,1,0.015625,0.019531,8,0.080037,True,False,False
expanded_20_seed,7,decode_constrained,1.0,2,0.015625,0.019531,8,0.080181,True,False,False
expanded_20_seed,7,decode_constrained,1.0,3,0.015625,0.019531,8,0.079736,True,False,False
expanded_20_seed,7,decode_constrained,1.0,4,0.003906,0.007812,8,0.061196,True,False,False
expanded_20_seed,7,prefill_constrained,1.0,-4,0.464844,0.46875,8,1.064595,True,False,False
expanded_20_seed,7,prefill_constrained,1.0,-3,0.519531,0.523438,9,0.9697,True,False,False
expanded_20_seed,7,prefill_constrained,1.0,-2,0.519531,0.523438,9,1.05808,True,False,False
expanded_20_seed,7,prefill_constrained,1.0,-1,0.535156,0.539062,9,1.060363,True,False,True
expanded_20_seed,7,prefill_constrained,1.0,0,0.523438,0.527344,9,1.064348,True,False,False
expanded_20_seed,7,prefill_constrained,1.0,1,0.515625,0.519531,9,0.954457,True,False,False
expanded_20_seed,7,prefill_constrained,1.0,2,0.507812,0.511719,9,0.962484,True,False,False
expanded_20_seed,7,prefill_constrained,1.0,3,0.511719,0.515625,9,1.010852,True,False,False
expanded_20_seed,7,prefill_constrained,1.0,4,0.386719,0.390625,8,1.073191,True,False,False
expanded_20_seed,8,decode_constrained,1.0,-4,0.046875,0.050781,8,0.138616,True,False,True
expanded_20_seed,8,decode_constrained,1.0,-3,0.035156,0.039062,8,0.133484,True,False,False
expanded_20_seed,8,decode_constrained,1.0,-2,0.035156,0.039062,8,0.119488,True,False,False
expanded_20_seed,8,decode_constrained,1.0,-1,0.03125,0.035156,8,0.087858,True,False,False
expanded_20_seed,8,decode_constrained,1.0,0,0.03125,0.035156,8,0.093242,True,False,False
expanded_20_seed,8,decode_constrained,1.0,1,0.015625,0.019531,8,0.072099,True,False,False
expanded_20_seed,8,decode_constrained,1.0,2,0.015625,0.019531,8,0.073134,True,False,False
expanded_20_seed,8,decode_constrained,1.0,3,0.015625,0.019531,8,0.068495,True,False,False
expanded_20_seed,8,decode_constrained,1.0,4,0.003906,0.007812,8,0.060182,True,False,False
expanded_20_seed,8,prefill_constrained,1.0,-4,0.445312,0.449219,8,0.572047,True,False,False
expanded_20_seed,8,prefill_constrained,1.0,-3,0.476562,0.480469,8,0.719477,True,False,False
expanded_20_seed,8,prefill_constrained,1.0,-2,0.472656,0.476562,8,0.739461,True,False,False
expanded_20_seed,8,prefill_constrained,1.0,-1,0.460938,0.464844,8,0.729269,True,False,False
expanded_20_seed,8,prefill_constrained,1.0,0,0.464844,0.46875,8,0.883631,True,False,False
expanded_20_seed,8,prefill_constrained,1.0,1,0.464844,0.46875,8,0.886576,True,False,False
expanded_20_seed,8,prefill_constrained,1.0,2,0.457031,0.460938,8,0.784475,True,False,False
expanded_20_seed,8,prefill_constrained,1.0,3,0.53125,0.535156,9,0.532621,True,False,True
expanded_20_seed,8,prefill_constrained,1.0,4,0.488281,0.492188,8,1.043419,True,False,False
expanded_20_seed,9,decode_constrained,1.0,-4,0.050781,0.054688,8,0.228763,True,False,True
expanded_20_seed,9,decode_constrained,1.0,-3,0.042969,0.046875,8,0.216787,True,False,False
expanded_20_seed,9,decode_constrained,1.0,-2,0.035156,0.039062,8,0.158335,True,False,False
expanded_20_seed,9,decode_constrained,1.0,-1,0.035156,0.039062,8,0.152285,True,False,False
expanded_20_seed,9,decode_constrained,1.0,0,0.035156,0.039062,8,0.138109,True,False,False
expanded_20_seed,9,decode_constrained,1.0,1,0.015625,0.019531,8,0.087331,True,False,False
expanded_20_seed,9,decode_constrained,1.0,2,0.011719,0.015625,8,0.11316,True,False,False
expanded_20_seed,9,decode_constrained,1.0,3,0.011719,0.015625,8,0.110945,True,False,False
expanded_20_seed,9,decode_constrained,1.0,4,0.003906,0.007812,8,0.068522,True,False,False
expanded_20_seed,9,prefill_constrained,1.0,-4,0.511719,0.515625,9,0.972165,True,False,False
expanded_20_seed,9,prefill_constrained,1.0,-3,0.617188,0.621094,9,1.547191,True,False,False
expanded_20_seed,9,prefill_constrained,1.0,-2,0.722656,0.726562,9,1.844255,True,False,False
expanded_20_seed,9,prefill_constrained,1.0,-1,0.882812,0.886719,9,2.123422,True,False,False
expanded_20_seed,9,prefill_constrained,1.0,0,0.929688,0.933594,9,2.802739,True,False,True
expanded_20_seed,9,prefill_constrained,1.0,1,0.84375,0.847656,9,2.101833,True,False,False
expanded_20_seed,9,prefill_constrained,1.0,2,0.660156,0.664062,9,1.732992,True,False,False
expanded_20_seed,9,prefill_constrained,1.0,3,0.539062,0.542969,9,1.325439,True,False,False
expanded_20_seed,9,prefill_constrained,1.0,4,0.425781,0.429688,8,1.100546,True,False,False
expanded_20_seed,10,decode_constrained,1.0,-4,0.046875,0.050781,8,0.178112,True,False,True
expanded_20_seed,10,decode_constrained,1.0,-3,0.023438,0.027344,8,0.149576,True,False,False
expanded_20_seed,10,decode_constrained,1.0,-2,0.023438,0.027344,8,0.136724,True,False,False
expanded_20_seed,10,decode_constrained,1.0,-1,0.023438,0.027344,8,0.139397,True,False,False
expanded_20_seed,10,decode_constrained,1.0,0,0.019531,0.023438,8,0.135708,True,False,False
expanded_20_seed,10,decode_constrained,1.0,1,0.011719,0.015625,8,0.109351,True,False,False
expanded_20_seed,10,decode_constrained,1.0,2,0.011719,0.015625,8,0.1034,True,False,False
expanded_20_seed,10,decode_constrained,1.0,3,0.011719,0.015625,8,0.109385,True,False,False
expanded_20_seed,10,decode_constrained,1.0,4,0.003906,0.007812,8,0.054621,True,False,False
expanded_20_seed,10,prefill_constrained,1.0,-4,0.296875,0.300781,8,0.463251,True,False,False
expanded_20_seed,10,prefill_constrained,1.0,-3,0.289062,0.292969,8,0.458793,True,False,False
expanded_20_seed,10,prefill_constrained,1.0,-2,0.316406,0.320312,8,0.499555,True,False,False
expanded_20_seed,10,prefill_constrained,1.0,-1,0.367188,0.371094,8,0.700984,True,False,False
expanded_20_seed,10,prefill_constrained,1.0,0,0.359375,0.363281,8,0.612435,True,False,False
expanded_20_seed,10,prefill_constrained,1.0,1,0.359375,0.363281,8,0.798477,True,False,False
expanded_20_seed,10,prefill_constrained,1.0,2,0.371094,0.375,8,0.955361,True,False,False
expanded_20_seed,10,prefill_constrained,1.0,3,0.363281,0.367188,8,0.940338,True,False,False
expanded_20_seed,10,prefill_constrained,1.0,4,0.394531,0.398438,8,0.708283,True,False,True
expanded_20_seed,11,decode_constrained,1.0,-4,0.058594,0.0625,8,0.228313,True,False,True
expanded_20_seed,11,decode_constrained,1.0,-3,0.046875,0.050781,8,0.168048,True,False,False
expanded_20_seed,11,decode_constrained,1.0,-2,0.039062,0.042969,8,0.153856,True,False,False
expanded_20_seed,11,decode_constrained,1.0,-1,0.039062,0.042969,8,0.151461,True,False,False
expanded_20_seed,11,decode_constrained,1.0,0,0.039062,0.042969,8,0.156957,True,False,False
expanded_20_seed,11,decode_constrained,1.0,1,0.019531,0.023438,8,0.112947,True,False,False
expanded_20_seed,11,decode_constrained,1.0,2,0.019531,0.023438,8,0.114554,True,False,False
expanded_20_seed,11,decode_constrained,1.0,3,0.019531,0.023438,8,0.112328,True,False,False
expanded_20_seed,11,decode_constrained,1.0,4,0.007812,0.011719,8,0.069271,True,False,False
expanded_20_seed,11,prefill_constrained,1.0,-4,0.566406,0.570312,9,1.066052,True,False,False
expanded_20_seed,11,prefill_constrained,1.0,-3,0.648438,0.652344,9,1.389091,True,False,False
expanded_20_seed,11,prefill_constrained,1.0,-2,0.785156,0.789062,9,1.682284,True,False,False
expanded_20_seed,11,prefill_constrained,1.0,-1,0.929688,0.933594,9,2.259326,True,False,False
expanded_20_seed,11,prefill_constrained,1.0,0,1.160156,1.164062,11,2.523104,True,False,True
expanded_20_seed,11,prefill_constrained,1.0,1,0.890625,0.894531,9,1.986602,True,False,False
expanded_20_seed,11,prefill_constrained,1.0,2,0.714844,0.71875,9,1.863675,True,False,False
expanded_20_seed,11,prefill_constrained,1.0,3,0.566406,0.570312,9,1.301465,True,False,False
expanded_20_seed,11,prefill_constrained,1.0,4,0.472656,0.476562,8,1.111087,True,False,False
expanded_20_seed,12,decode_constrained,1.0,-4,0.074219,0.078125,8,0.213089,True,False,True
expanded_20_seed,12,decode_constrained,1.0,-3,0.042969,0.046875,8,0.215215,True,False,False
expanded_20_seed,12,decode_constrained,1.0,-2,0.042969,0.046875,8,0.184836,True,False,False
expanded_20_seed,12,decode_constrained,1.0,-1,0.042969,0.046875,8,0.159508,True,False,False
expanded_20_seed,12,decode_constrained,1.0,0,0.039062,0.042969,8,0.150302,True,False,False
expanded_20_seed,12,decode_constrained,1.0,1,0.027344,0.03125,8,0.133526,True,False,False
expanded_20_seed,12,decode_constrained,1.0,2,0.027344,0.03125,8,0.134868,True,False,False
expanded_20_seed,12,decode_constrained,1.0,3,0.023438,0.027344,8,0.134919,True,False,False
expanded_20_seed,12,decode_constrained,1.0,4,0.003906,0.007812,8,0.066262,True,False,False
expanded_20_seed,12,prefill_constrained,1.0,-4,0.472656,0.476562,8,1.069556,True,False,False
expanded_20_seed,12,prefill_constrained,1.0,-3,0.472656,0.476562,8,1.080648,True,False,False
expanded_20_seed,12,prefill_constrained,1.0,-2,0.503906,0.507812,9,1.423246,True,False,False
expanded_20_seed,12,prefill_constrained,1.0,-1,0.492188,0.496094,8,1.177637,True,False,False
expanded_20_seed,12,prefill_constrained,1.0,0,0.53125,0.535156,9,1.506246,True,False,False
expanded_20_seed,12,prefill_constrained,1.0,1,0.539062,0.542969,9,1.585012,True,False,False
expanded_20_seed,12,prefill_constrained,1.0,2,0.527344,0.53125,9,1.564684,True,False,False
expanded_20_seed,12,prefill_constrained,1.0,3,0.546875,0.550781,9,1.457411,True,False,True
expanded_20_seed,12,prefill_constrained,1.0,4,0.441406,0.445312,8,1.141332,True,False,False
expanded_20_seed,13,decode_constrained,1.0,-4,0.0625,0.066406,8,0.118685,True,False,True
expanded_20_seed,13,decode_constrained,1.0,-3,0.03125,0.035156,8,0.126888,True,False,False
expanded_20_seed,13,decode_constrained,1.0,-2,0.027344,0.03125,8,0.163243,True,False,False
expanded_20_seed,13,decode_constrained,1.0,-1,0.027344,0.03125,8,0.16403,True,False,False
expanded_20_seed,13,decode_constrained,1.0,0,0.027344,0.03125,8,0.167431,True,False,False
expanded_20_seed,13,decode_constrained,1.0,1,0.011719,0.015625,8,0.110971,True,False,False
expanded_20_seed,13,decode_constrained,1.0,2,0.011719,0.015625,8,0.111397,True,False,False
expanded_20_seed,13,decode_constrained,1.0,3,0.011719,0.015625,8,0.10928,True,False,False
expanded_20_seed,13,decode_constrained,1.0,4,0.003906,0.007812,8,0.065065,True,False,False
expanded_20_seed,13,prefill_constrained,1.0,-4,0.292969,0.296875,8,0.611666,True,False,False
expanded_20_seed,13,prefill_constrained,1.0,-3,0.316406,0.320312,8,0.529279,True,False,False
expanded_20_seed,13,prefill_constrained,1.0,-2,0.316406,0.320312,8,0.558887,True,False,False
expanded_20_seed,13,prefill_constrained,1.0,-1,0.3125,0.316406,8,0.463025,True,False,False
expanded_20_seed,13,prefill_constrained,1.0,0,0.3125,0.316406,8,0.476996,True,False,False
expanded_20_seed,13,prefill_constrained,1.0,1,0.339844,0.34375,8,0.795886,True,False,False
expanded_20_seed,13,prefill_constrained,1.0,2,0.339844,0.34375,8,0.807644,True,False,False
expanded_20_seed,13,prefill_constrained,1.0,3,0.339844,0.34375,8,0.818799,True,False,False
expanded_20_seed,13,prefill_constrained,1.0,4,0.347656,0.351562,8,0.749203,True,False,True
expanded_20_seed,14,decode_constrained,1.0,-4,0.039062,0.042969,8,0.133582,True,False,True
expanded_20_seed,14,decode_constrained,1.0,-3,0.039062,0.042969,8,0.134421,True,False,True
expanded_20_seed,14,decode_constrained,1.0,-2,0.023438,0.027344,8,0.117132,True,False,False
expanded_20_seed,14,decode_constrained,1.0,-1,0.023438,0.027344,8,0.121574,True,False,False
expanded_20_seed,14,decode_constrained,1.0,0,0.023438,0.027344,8,0.117293,True,False,False
expanded_20_seed,14,decode_constrained,1.0,1,0.015625,0.019531,8,0.083859,True,False,False
expanded_20_seed,14,decode_constrained,1.0,2,0.011719,0.015625,8,0.095807,True,False,False
expanded_20_seed,14,decode_constrained,1.0,3,0.011719,0.015625,8,0.103457,True,False,False
expanded_20_seed,14,decode_constrained,1.0,4,0.003906,0.007812,8,0.064687,True,False,False
expanded_20_seed,14,prefill_constrained,1.0,-4,0.496094,0.5,8,1.072001,True,False,False
expanded_20_seed,14,prefill_constrained,1.0,-3,0.65625,0.660156,9,0.973293,True,False,False
expanded_20_seed,14,prefill_constrained,1.0,-2,0.871094,0.875,9,2.038382,True,False,False
expanded_20_seed,14,prefill_constrained,1.0,-1,0.890625,0.894531,9,2.185663,True,False,True
expanded_20_seed,14,prefill_constrained,1.0,0,0.871094,0.875,9,2.320576,True,False,False
expanded_20_seed,14,prefill_constrained,1.0,1,0.851562,0.855469,9,2.256715,True,False,False
expanded_20_seed,14,prefill_constrained,1.0,2,0.792969,0.796875,9,1.826924,True,False,False
expanded_20_seed,14,prefill_constrained,1.0,3,0.570312,0.574219,9,1.009769,True,False,False
expanded_20_seed,14,prefill_constrained,1.0,4,0.414062,0.417969,8,0.837161,True,False,False
expanded_20_seed,15,decode_constrained,1.0,-4,0.046875,0.050781,8,0.162413,True,False,True
expanded_20_seed,15,decode_constrained,1.0,-3,0.046875,0.050781,8,0.146028,True,False,True
expanded_20_seed,15,decode_constrained,1.0,-2,0.035156,0.039062,8,0.140109,True,False,False
expanded_20_seed,15,decode_constrained,1.0,-1,0.035156,0.039062,8,0.137546,True,False,False
expanded_20_seed,15,decode_constrained,1.0,0,0.035156,0.039062,8,0.139248,True,False,False
expanded_20_seed,15,decode_constrained,1.0,1,0.015625,0.019531,8,0.081243,True,False,False
expanded_20_seed,15,decode_constrained,1.0,2,0.015625,0.019531,8,0.08624,True,False,False
expanded_20_seed,15,decode_constrained,1.0,3,0.015625,0.019531,8,0.080895,True,False,False
expanded_20_seed,15,decode_constrained,1.0,4,0.003906,0.007812,8,0.079252,True,False,False
expanded_20_seed,15,prefill_constrained,1.0,-4,0.355469,0.359375,8,0.770954,True,False,False
expanded_20_seed,15,prefill_constrained,1.0,-3,0.386719,0.390625,8,0.767006,True,False,False
expanded_20_seed,15,prefill_constrained,1.0,-2,0.382812,0.386719,8,0.656156,True,False,False
expanded_20_seed,15,prefill_constrained,1.0,-1,0.371094,0.375,8,0.912929,True,False,False
expanded_20_seed,15,prefill_constrained,1.0,0,0.402344,0.40625,8,0.897933,True,False,False
expanded_20_seed,15,prefill_constrained,1.0,1,0.398438,0.402344,8,0.800793,True,False,False
expanded_20_seed,15,prefill_constrained,1.0,2,0.390625,0.394531,8,0.687866,True,False,False
expanded_20_seed,15,prefill_constrained,1.0,3,0.425781,0.429688,8,0.970342,True,False,True
expanded_20_seed,15,prefill_constrained,1.0,4,0.417969,0.421875,8,1.002393,True,False,False
expanded_20_seed,16,decode_constrained,1.0,-4,0.046875,0.050781,8,0.188732,True,False,True
expanded_20_seed,16,decode_constrained,1.0,-3,0.035156,0.039062,8,0.177085,True,False,False
expanded_20_seed,16,decode_constrained,1.0,-2,0.03125,0.035156,8,0.131088,True,False,False
expanded_20_seed,16,decode_constrained,1.0,-1,0.03125,0.035156,8,0.136523,True,False,False
expanded_20_seed,16,decode_constrained,1.0,0,0.03125,0.035156,8,0.130462,True,False,False
expanded_20_seed,16,decode_constrained,1.0,1,0.019531,0.023438,8,0.124624,True,False,False
expanded_20_seed,16,decode_constrained,1.0,2,0.019531,0.023438,8,0.125155,True,False,False
expanded_20_seed,16,decode_constrained,1.0,3,0.019531,0.023438,8,0.121723,True,False,False
expanded_20_seed,16,decode_constrained,1.0,4,0.003906,0.007812,8,0.058411,True,False,False
expanded_20_seed,16,prefill_constrained,1.0,-4,0.585938,0.589844,9,1.361701,True,False,False
expanded_20_seed,16,prefill_constrained,1.0,-3,0.691406,0.695312,9,1.132219,True,False,False
expanded_20_seed,16,prefill_constrained,1.0,-2,0.699219,0.703125,9,1.340113,True,False,False
expanded_20_seed,16,prefill_constrained,1.0,-1,0.683594,0.6875,9,1.555885,True,False,False
expanded_20_seed,16,prefill_constrained,1.0,0,0.671875,0.675781,9,1.178092,True,False,False
expanded_20_seed,16,prefill_constrained,1.0,1,0.710938,0.714844,9,1.444241,True,False,True
expanded_20_seed,16,prefill_constrained,1.0,2,0.695312,0.699219,9,1.232379,True,False,False
expanded_20_seed,16,prefill_constrained,1.0,3,0.609375,0.613281,9,1.676708,True,False,False
expanded_20_seed,16,prefill_constrained,1.0,4,0.503906,0.507812,9,1.07333,True,False,False
expanded_20_seed,17,decode_constrained,1.0,-4,0.050781,0.054688,8,0.182701,True,False,True
expanded_20_seed,17,decode_constrained,1.0,-3,0.035156,0.039062,8,0.139342,True,False,False
expanded_20_seed,17,decode_constrained,1.0,-2,0.03125,0.035156,8,0.108686,True,False,False
expanded_20_seed,17,decode_constrained,1.0,-1,0.03125,0.035156,8,0.108883,True,False,False
expanded_20_seed,17,decode_constrained,1.0,0,0.03125,0.035156,8,0.104253,True,False,False
expanded_20_seed,17,decode_constrained,1.0,1,0.015625,0.019531,8,0.074592,True,False,False
expanded_20_seed,17,decode_constrained,1.0,2,0.015625,0.019531,8,0.078619,True,False,False
expanded_20_seed,17,decode_constrained,1.0,3,0.015625,0.019531,8,0.072966,True,False,False
expanded_20_seed,17,decode_constrained,1.0,4,0.003906,0.007812,8,0.066259,True,False,False
expanded_20_seed,17,prefill_constrained,1.0,-4,0.300781,0.304688,8,0.61893,True,False,False
expanded_20_seed,17,prefill_constrained,1.0,-3,0.296875,0.300781,8,0.602648,True,False,False
expanded_20_seed,17,prefill_constrained,1.0,-2,0.300781,0.304688,8,0.676008,True,False,False
expanded_20_seed,17,prefill_constrained,1.0,-1,0.292969,0.296875,8,0.676768,True,False,False
expanded_20_seed,17,prefill_constrained,1.0,0,0.292969,0.296875,8,0.690235,True,False,False
expanded_20_seed,17,prefill_constrained,1.0,1,0.300781,0.304688,8,0.725594,True,False,False
expanded_20_seed,17,prefill_constrained,1.0,2,0.296875,0.300781,8,0.644687,True,False,False
expanded_20_seed,17,prefill_constrained,1.0,3,0.289062,0.292969,8,0.658885,True,False,False
expanded_20_seed,17,prefill_constrained,1.0,4,0.304688,0.308594,8,0.676129,True,False,True
expanded_20_seed,18,decode_constrained,1.0,-4,0.035156,0.039062,8,0.150109,True,False,True
expanded_20_seed,18,decode_constrained,1.0,-3,0.035156,0.039062,8,0.151941,True,False,True
expanded_20_seed,18,decode_constrained,1.0,-2,0.023438,0.027344,8,0.129327,True,False,False
expanded_20_seed,18,decode_constrained,1.0,-1,0.023438,0.027344,8,0.136499,True,False,False
expanded_20_seed,18,decode_constrained,1.0,0,0.023438,0.027344,8,0.128014,True,False,False
expanded_20_seed,18,decode_constrained,1.0,1,0.015625,0.019531,8,0.079854,True,False,False
expanded_20_seed,18,decode_constrained,1.0,2,0.015625,0.019531,8,0.086563,True,False,False
expanded_20_seed,18,decode_constrained,1.0,3,0.015625,0.019531,8,0.078971,True,False,False
expanded_20_seed,18,decode_constrained,1.0,4,0.003906,0.007812,8,0.076731,True,False,False
expanded_20_seed,18,prefill_constrained,1.0,-4,0.402344,0.40625,8,1.226473,True,False,False
expanded_20_seed,18,prefill_constrained,1.0,-3,0.402344,0.40625,8,1.249178,True,False,False
expanded_20_seed,18,prefill_constrained,1.0,-2,0.402344,0.40625,8,1.273432,True,False,False
expanded_20_seed,18,prefill_constrained,1.0,-1,0.445312,0.449219,8,1.372737,True,False,False
expanded_20_seed,18,prefill_constrained,1.0,0,0.4375,0.441406,8,1.407189,True,False,False
expanded_20_seed,18,prefill_constrained,1.0,1,0.484375,0.488281,8,1.467569,True,False,True
expanded_20_seed,18,prefill_constrained,1.0,2,0.480469,0.484375,8,1.512185,True,False,False
expanded_20_seed,18,prefill_constrained,1.0,3,0.472656,0.476562,8,1.531484,True,False,False
expanded_20_seed,18,prefill_constrained,1.0,4,0.433594,0.4375,8,1.226468,True,False,False
expanded_20_seed,19,decode_constrained,1.0,-4,0.03125,0.035156,8,0.126048,True,False,True
expanded_20_seed,19,decode_constrained,1.0,-3,0.023438,0.027344,8,0.145362,True,False,False
expanded_20_seed,19,decode_constrained,1.0,-2,0.023438,0.027344,8,0.131841,True,False,False
expanded_20_seed,19,decode_constrained,1.0,-1,0.023438,0.027344,8,0.1286,True,False,False
expanded_20_seed,19,decode_constrained,1.0,0,0.019531,0.023438,8,0.133868,True,False,False
expanded_20_seed,19,decode_constrained,1.0,1,0.011719,0.015625,8,0.110138,True,False,False
expanded_20_seed,19,decode_constrained,1.0,2,0.011719,0.015625,8,0.108525,True,False,False
expanded_20_seed,19,decode_constrained,1.0,3,0.011719,0.015625,8,0.107879,True,False,False
expanded_20_seed,19,decode_constrained,1.0,4,0.003906,0.007812,8,0.070986,True,False,False
expanded_20_seed,19,prefill_constrained,1.0,-4,0.453125,0.457031,8,0.80751,True,False,False
expanded_20_seed,19,prefill_constrained,1.0,-3,0.550781,0.554688,9,1.101819,True,False,False
expanded_20_seed,19,prefill_constrained,1.0,-2,0.574219,0.578125,9,1.134576,True,False,False
expanded_20_seed,19,prefill_constrained,1.0,-1,0.585938,0.589844,9,1.161762,True,False,False
expanded_20_seed,19,prefill_constrained,1.0,0,0.574219,0.578125,9,1.171883,True,False,False
expanded_20_seed,19,prefill_constrained,1.0,1,0.597656,0.601562,9,1.217275,True,False,True
expanded_20_seed,19,prefill_constrained,1.0,2,0.585938,0.589844,9,1.409735,True,False,False
expanded_20_seed,19,prefill_constrained,1.0,3,0.515625,0.519531,9,0.95486,True,False,False
expanded_20_seed,19,prefill_constrained,1.0,4,0.375,0.378906,8,0.605058,True,False,False
